Clientes;Contato;Status;Atendido por;Data
;	555540072536;Concluído;Angela de Sousa Moreira;2025-12-02T19:21:42.321Z
;	APAGAR;Concluído;Angela de Sousa Moreira;2025-12-12T17:47:39.987Z
ASTRO 34 COMERCIO E SERVICOS LTDA,LILATUR VIAGENS EXCLUSIVAS LTDA,FASTCO SERVICOS EMPRESARIAIS LTDA,SPECTRAL VISION COMERCIO E LOCACAO DE MAQUINAS E EQUIPAMENTOS LTDA,SPECTRAL SOLUTIONS COMERCIO E SERVICOS LTDA,SPECTRAL SOLUTIONS COMERCIO E SERVICOS LTDA,SPECTRAL ADVANCED ENGENHARIA E TECNOLOGIA LTDA.,DMA ADMINISTRACAO DE BENS LTDA,FUTURO RH SERVICOS EMPRESARIAIS LTDA;	ASTRO 34;Concluído;Angela de Sousa Moreira;2025-12-01T20:48:41.285Z
ASTRO 34 COMERCIO E SERVICOS LTDA,LILATUR VIAGENS EXCLUSIVAS LTDA,FASTCO SERVICOS EMPRESARIAIS LTDA,SPECTRAL VISION COMERCIO E LOCACAO DE MAQUINAS E EQUIPAMENTOS LTDA,SPECTRAL SOLUTIONS COMERCIO E SERVICOS LTDA,SPECTRAL SOLUTIONS COMERCIO E SERVICOS LTDA,SPECTRAL ADVANCED ENGENHARIA E TECNOLOGIA LTDA.,DMA ADMINISTRACAO DE BENS LTDA,FUTURO RH SERVICOS EMPRESARIAIS LTDA;	ASTRO 34;Concluído;Angela de Sousa Moreira;2025-12-02T18:56:55.924Z
ASTRO 34 COMERCIO E SERVICOS LTDA,LILATUR VIAGENS EXCLUSIVAS LTDA,FASTCO SERVICOS EMPRESARIAIS LTDA,SPECTRAL VISION COMERCIO E LOCACAO DE MAQUINAS E EQUIPAMENTOS LTDA,SPECTRAL SOLUTIONS COMERCIO E SERVICOS LTDA,SPECTRAL SOLUTIONS COMERCIO E SERVICOS LTDA,SPECTRAL ADVANCED ENGENHARIA E TECNOLOGIA LTDA.,DMA ADMINISTRACAO DE BENS LTDA,FUTURO RH SERVICOS EMPRESARIAIS LTDA;	ASTRO 34;Concluído;Angela de Sousa Moreira;2025-12-08T14:24:26.031Z
ASTRO 34 COMERCIO E SERVICOS LTDA,LILATUR VIAGENS EXCLUSIVAS LTDA,FASTCO SERVICOS EMPRESARIAIS LTDA,SPECTRAL VISION COMERCIO E LOCACAO DE MAQUINAS E EQUIPAMENTOS LTDA,SPECTRAL SOLUTIONS COMERCIO E SERVICOS LTDA,SPECTRAL SOLUTIONS COMERCIO E SERVICOS LTDA,SPECTRAL ADVANCED ENGENHARIA E TECNOLOGIA LTDA.,DMA ADMINISTRACAO DE BENS LTDA,FUTURO RH SERVICOS EMPRESARIAIS LTDA;	ASTRO 34;Concluído;Angela de Sousa Moreira;2025-12-12T17:33:30.087Z
ASTRO 34 COMERCIO E SERVICOS LTDA,LILATUR VIAGENS EXCLUSIVAS LTDA,FASTCO SERVICOS EMPRESARIAIS LTDA,SPECTRAL VISION COMERCIO E LOCACAO DE MAQUINAS E EQUIPAMENTOS LTDA,SPECTRAL SOLUTIONS COMERCIO E SERVICOS LTDA,SPECTRAL SOLUTIONS COMERCIO E SERVICOS LTDA,SPECTRAL ADVANCED ENGENHARIA E TECNOLOGIA LTDA.,DMA ADMINISTRACAO DE BENS LTDA,FUTURO RH SERVICOS EMPRESARIAIS LTDA;	ASTRO 34;Concluído;Angela de Sousa Moreira;2025-12-18T14:53:03.898Z
ASTRO 34 COMERCIO E SERVICOS LTDA,LILATUR VIAGENS EXCLUSIVAS LTDA,FASTCO SERVICOS EMPRESARIAIS LTDA,SPECTRAL VISION COMERCIO E LOCACAO DE MAQUINAS E EQUIPAMENTOS LTDA,SPECTRAL SOLUTIONS COMERCIO E SERVICOS LTDA,SPECTRAL SOLUTIONS COMERCIO E SERVICOS LTDA,SPECTRAL ADVANCED ENGENHARIA E TECNOLOGIA LTDA.,DMA ADMINISTRACAO DE BENS LTDA,FUTURO RH SERVICOS EMPRESARIAIS LTDA;	ASTRO 34;Concluído;GABRIELA ROSA;2025-12-02T14:31:39.166Z
ASTRO 34 COMERCIO E SERVICOS LTDA,LILATUR VIAGENS EXCLUSIVAS LTDA,FASTCO SERVICOS EMPRESARIAIS LTDA,SPECTRAL VISION COMERCIO E LOCACAO DE MAQUINAS E EQUIPAMENTOS LTDA,SPECTRAL SOLUTIONS COMERCIO E SERVICOS LTDA,SPECTRAL SOLUTIONS COMERCIO E SERVICOS LTDA,SPECTRAL ADVANCED ENGENHARIA E TECNOLOGIA LTDA.,DMA ADMINISTRACAO DE BENS LTDA,FUTURO RH SERVICOS EMPRESARIAIS LTDA;	ASTRO 34;Concluído;GABRIELA ROSA;2025-12-01T20:49:27.113Z
ASTRO 34 COMERCIO E SERVICOS LTDA,LILATUR VIAGENS EXCLUSIVAS LTDA,FASTCO SERVICOS EMPRESARIAIS LTDA,SPECTRAL VISION COMERCIO E LOCACAO DE MAQUINAS E EQUIPAMENTOS LTDA,SPECTRAL SOLUTIONS COMERCIO E SERVICOS LTDA,SPECTRAL SOLUTIONS COMERCIO E SERVICOS LTDA,SPECTRAL ADVANCED ENGENHARIA E TECNOLOGIA LTDA.,DMA ADMINISTRACAO DE BENS LTDA,FUTURO RH SERVICOS EMPRESARIAIS LTDA;	ASTRO 34;Concluído;GABRIELA ROSA;2025-12-02T18:59:18.394Z
GAVLIK ACADEMIA LTDA;	Adriana Gavlik;Concluído;Pamella albuquerque;2025-12-02T14:32:33.142Z
GAVLIK ACADEMIA LTDA;	Adriana Gavlik;Concluído;Angela de Sousa Moreira;2025-12-10T20:35:39.178Z
GAVLIK ACADEMIA LTDA;	Adriana Gavlik;Concluído;Angela de Sousa Moreira;2025-12-10T20:47:33.653Z
GAVLIK ACADEMIA LTDA;	Adriana Gavlik;Concluído;Angela de Sousa Moreira;2025-12-17T19:12:27.738Z
GAVLIK ACADEMIA LTDA;	Adriana Gavlik;Concluído;Angela de Sousa Moreira;2025-12-17T08:10:40.349Z
GAVLIK ACADEMIA LTDA;	Adriana Gavlik;Concluído;Anderson Silva;2025-12-12T18:09:52.817Z
LA TRATTORIA LANCHONETE LTDA.;	Adriana LA TRATORIA;Concluído;Renato Almeida;2025-12-18T10:41:56.433Z
MENTES MILIONARIAS LTDA;	Amanda - Mentes MIlionarias;Concluído;Rafael Lopes Cardoso;2025-12-10T17:34:24.927Z
MENTES MILIONARIAS LTDA;	Amanda - Mentes MIlionarias;Concluído;Rafael Lopes Cardoso;2025-12-04T12:52:59.138Z
;	Ana (Business - Dona);Concluído;Rafael Lopes Cardoso;2025-12-02T14:51:15.822Z
;	Ana (Business - Dona);Concluído;Rafael Lopes Cardoso;2025-12-02T11:56:59.071Z
;	Ana (Business - Dona);Concluído;Rafael Lopes Cardoso;2025-12-01T19:11:46.667Z
CARLOS HENRIQUE COSTA SANTOS LTDA;	Andrea (Embamac);Concluído;Renato Almeida;2025-12-11T14:10:20.855Z
CARLOS HENRIQUE COSTA SANTOS LTDA;	Andrea (Embamac);Concluído;Renato Almeida;2025-12-17T19:38:02.825Z
CARLOS HENRIQUE COSTA SANTOS LTDA;	Andrea (Embamac);Concluído;Renato Almeida;2025-12-18T14:26:42.002Z
CARLOS HENRIQUE COSTA SANTOS LTDA;	Andrea (Embamac);Concluído;Renato Almeida;2025-12-18T15:29:53.677Z
;	Andrea Gaoseg;Concluído;Angela de Sousa Moreira;2025-12-09T17:03:06.318Z
;	Andrea Gaoseg;Concluído;Angela de Sousa Moreira;2025-12-05T16:44:13.752Z
;	Andrea Gaoseg;Concluído;Angela de Sousa Moreira;2025-12-04T20:23:41.119Z
;	Andrea Gaoseg;Concluído;Angela de Sousa Moreira;2025-12-03T20:42:04.446Z
;	Andreia Simao;Concluído;Angela de Sousa Moreira;2025-12-19T21:13:27.828Z
;	Angela;Concluído;Anderson Silva;2025-12-04T13:27:23.519Z
;	Astro34 - Lucimar (compras);Concluído;Angela de Sousa Moreira;2025-12-15T18:10:09.456Z
;	Astro34 - Lucimar (compras);Concluído;Rafael Lopes Cardoso;2025-12-15T18:37:39.304Z
;	Barbara - Mentes Milionárias;Concluído;Rafael Lopes Cardoso;2025-12-16T12:39:05.076Z
CICLOMADE - INDUSTRIA E COMERCIO DE ESPUMAS LTDA;	Bianca (Grupo Ciclomade);Concluído;Rafael Lopes Cardoso;2025-12-16T16:54:29.134Z
CICLOMADE - INDUSTRIA E COMERCIO DE ESPUMAS LTDA;	Bianca (Grupo Ciclomade);Concluído;Fernando Tondelli;2025-12-22T16:20:06.880Z
CICLOMADE - INDUSTRIA E COMERCIO DE ESPUMAS LTDA;	Bianca (Grupo Ciclomade);Concluído;JANAINA BOMFIM;2025-12-19T14:23:43.439Z
CICLOMADE - INDUSTRIA E COMERCIO DE ESPUMAS LTDA;	Bianca (Grupo Ciclomade);Concluído;Rafael Lopes Cardoso;2025-12-19T14:09:21.942Z
CARGO BOOKING LOGISTICS LTDA;	Bruno - CARGO - CHINA;Concluído;Rafael Lopes Cardoso;2025-12-08T23:15:00.669Z
CARGO BOOKING LOGISTICS LTDA;	Bruno - CARGO - CHINA;Concluído;Rafael Lopes Cardoso;2025-12-08T13:00:46.586Z
;	Bruno - financeiro ELTEXS;Concluído;Angela de Sousa Moreira;2025-12-11T12:00:40.022Z
;	Bruno - financeiro ELTEXS;Concluído;Angela de Sousa Moreira;2025-12-11T11:38:42.048Z
;	Bruno - financeiro ELTEXS;Concluído;Angela de Sousa Moreira;2025-12-05T15:54:42.266Z
;	Bruno - financeiro ELTEXS;Concluído;Angela de Sousa Moreira;2025-12-05T12:36:00.157Z
;	Bruno - financeiro ELTEXS;Concluído;Angela de Sousa Moreira;2025-12-01T21:08:05.051Z
;	Bruno - financeiro ELTEXS;Concluído;Angela de Sousa Moreira;2025-12-07T14:14:59.405Z
;	Bruno - financeiro ELTEXS;Concluído;Angela de Sousa Moreira;2025-12-09T18:22:10.781Z
BUNDCHEN CLINICA VETERINARIA LTDA.;	Bundchen Veterinária ;Concluído;Rafael Lopes Cardoso;2025-12-01T13:19:45.263Z
BUNDCHEN CLINICA VETERINARIA LTDA.;	Bundchen Veterinária ;Concluído;Fernando Tondelli;2025-12-23T09:07:22.805Z
BUNDCHEN CLINICA VETERINARIA LTDA.;	Bundchen Veterinária ;Concluído;Angela de Sousa Moreira;2025-12-17T08:16:31.921Z
BUNDCHEN CLINICA VETERINARIA LTDA.;	Bundchen Veterinária ;Concluído;Angela de Sousa Moreira;2025-12-02T12:12:40.855Z
BUNDCHEN CLINICA VETERINARIA LTDA.;	Bundchen Veterinária ;Concluído;Angela de Sousa Moreira;2025-12-03T14:20:54.707Z
BUNDCHEN CLINICA VETERINARIA LTDA.;	Bundchen Veterinária ;Concluído;Angela de Sousa Moreira;2025-12-16T13:00:33.048Z
BUNDCHEN CLINICA VETERINARIA LTDA.;	Bundchen Veterinária ;Concluído;Angela de Sousa Moreira;2025-12-16T13:37:22.388Z
BUNDCHEN CLINICA VETERINARIA LTDA.;	Bundchen Veterinária ;Desconsiderado;Pamella albuquerque;2025-12-09T15:07:00.979Z
BUNDCHEN CLINICA VETERINARIA LTDA.;	Bundchen Veterinária ;Concluído;Cintia Godoi;2025-12-01T17:07:53.961Z
;	CMSI - Henrique Cesar;Concluído;Renato Almeida;2025-12-17T19:36:21.686Z
L'ESSENCE DE BEAUTE COMERCIO LTDA;	Carolina L'Essence ;Concluído;Jessica Rodrigues;2025-12-01T13:41:50.570Z
L'ESSENCE DE BEAUTE COMERCIO LTDA;	Carolina L'Essence ;Concluído;Jessica Rodrigues;2025-12-16T11:59:27.802Z
L'ESSENCE DE BEAUTE COMERCIO LTDA;	Carolina L'Essence ;Concluído;Fernando Tondelli;2025-12-23T09:06:55.634Z
L'ESSENCE DE BEAUTE COMERCIO LTDA;	Carolina L'Essence ;Concluído;JANAINA BOMFIM;2025-12-16T17:15:28.008Z
L'ESSENCE DE BEAUTE COMERCIO LTDA;	Carolina L'Essence ;Concluído;Jessica Rodrigues;2025-12-17T12:11:26.648Z
;	Christi - Escola Realiza;Concluído;Rafael Lopes Cardoso;2025-12-15T14:04:58.456Z
;	Christi - Escola Realiza;Concluído;Rafael Lopes Cardoso;2025-12-16T16:55:04.164Z
;	Cintia G;Concluído;JANAINA BOMFIM;2025-12-09T21:06:11.520Z
;	Cintia G;Concluído;JANAINA BOMFIM;2025-12-17T14:28:02.650Z
;	Cintia G;Concluído;Angela de Sousa Moreira;2025-12-18T14:06:36.302Z
;	Cintia G;Concluído;Rafael Lopes Cardoso;2025-12-04T18:11:31.462Z
;	Cintia G;Concluído;JANAINA BOMFIM;2025-12-11T21:12:08.412Z
;	Cintia G;Concluído;Angela de Sousa Moreira;2025-12-18T14:53:17.539Z
;	Cintia G;Concluído;Angela de Sousa Moreira;2025-12-10T18:49:29.835Z
;	Cintia G;Concluído;Angela de Sousa Moreira;2025-12-03T14:20:48.523Z
;	Cintia G;Concluído;Angela de Sousa Moreira;2025-12-02T18:34:29.212Z
;	Cont Anterior - BRACHI;Concluído;Rafael Lopes Cardoso;2025-12-08T23:14:52.063Z
;	Contabilidade Gavlik Josi;Concluído;Angela de Sousa Moreira;2025-12-17T13:49:31.370Z
;	Contador Ant Casa de Gesso ;Concluído;Renato Almeida;2025-12-05T12:26:22.187Z
;	Cristina (Xalé Grill);Concluído;Pamella albuquerque;2025-12-19T17:56:14.357Z
;	Cristina (Xalé Grill);Concluído;Renato Almeida;2025-12-01T16:08:41.260Z
;	Cristina (Xalé Grill);Concluído;Renato Almeida;2025-12-18T14:13:31.950Z
;	Cristina (Xalé Grill);Concluído;Renato Almeida;2025-12-09T12:53:12.375Z
;	Cristina (Xalé Grill);Concluído;Renato Almeida;2025-12-19T15:10:45.695Z
;	DRAKOS;Concluído;Anderson Silva;2025-12-19T15:01:35.000Z
;	DRAKOS;Concluído;Anderson Silva;2025-12-18T14:13:40.217Z
;	Daniel;Concluído;Anderson Silva;2025-12-11T13:48:13.067Z
BAKER FACTORY EVENTOS LTDA,BAKER EVENTOS LTDA;	Daniel MY BAKER;Concluído;JANAINA BOMFIM;2025-12-18T14:06:26.438Z
;	Dany - AVANTE;Concluído;JANAINA BOMFIM;2025-12-18T14:06:49.609Z
AP NATURA COMERCIO LTDA;	Davison - Los Chefes;Concluído;Pamella albuquerque;2025-12-19T21:13:21.530Z
AP NATURA COMERCIO LTDA;	Davison - Los Chefes;Concluído;Renato Almeida;2025-12-11T14:06:39.402Z
AP NATURA COMERCIO LTDA;	Davison - Los Chefes;Concluído;Renato Almeida;2025-12-09T12:56:34.144Z
AP NATURA COMERCIO LTDA;	Davison - Los Chefes;Concluído;Renato Almeida;2025-12-03T11:36:45.616Z
CAMPOS COMERCIO DE PRODUTOS ALIMENTICIOS LTDA;	Denis (CAMPOS COMERCIO);Concluído;Angela de Sousa Moreira;2025-12-04T16:46:13.148Z
CAMPOS COMERCIO DE PRODUTOS ALIMENTICIOS LTDA;	Denis (CAMPOS COMERCIO);Concluído;Angela de Sousa Moreira;2025-12-18T14:06:18.513Z
CAMPOS COMERCIO DE PRODUTOS ALIMENTICIOS LTDA;	Denis (CAMPOS COMERCIO);Concluído;Angela de Sousa Moreira;2025-12-02T14:57:17.813Z
J.C.F. COMERCIO DE VESTUARIO LTDA,J.C.F. COMERCIO DE VESTUARIO LTDA,J.C.F. COMERCIO DE VESTUARIO LTDA,J.C.F. COMERCIO DE VESTUARIO LTDA,J.C.F. COMERCIO DE VESTUARIO LTDA,J.C.F. COMERCIO DE VESTUARIO LTDA,J.C.F. COMERCIO DE VESTUARIO LTDA,J.C.F. COMERCIO DE VESTUARIO LTDA,J.C.F. COMERCIO DE VESTUARIO LTDA,J.C.F. COMERCIO DE VESTUARIO LTDA,J.C.F. COMERCIO DE VESTUARIO LTDA,J.C.F. COMERCIO DE VESTUARIO LTDA,J.C.F. COMERCIO DE VESTUARIO LTDA,J.C.F. COMERCIO DE VESTUARIO LTDA,J.C.F. COMERCIO DE VESTUARIO LTDA,J.C.F. COMERCIO DE VESTUARIO LTDA,J.C.F. COMERCIO DE VESTUARIO LTDA,J.C.F. COMERCIO DE VESTUARIO LTDA,J.C.F. COMERCIO DE VESTUARIO LTDA,J.C.F. COMERCIO DE VESTUARIO LTDA,FFCJ INDUSTRIA DE CONFECCOES LTDA.,COISAS DE ALICE COMERCIO DE VESTUARIO LTDA,MLT COMERCIO DE CONFECCOES LTDA,NFCJ COMERCIO DE CONFECCOES LTDA,JULIRE VESTUARIOS LTDA,CONCEPTS COMERCIO & IDEAS PARA VAREJO LTDA,JOAL ADMINISTRACAO DE BENS PROPRIOS S.A.,JC PARTNERS FRANQUEADORA LTDA;	Elisa (Grupo Jogê);Concluído;Fernando Tondelli;2025-12-23T09:05:19.178Z
SORVDOCE COMERCIAL DE ALIMENTOS LTDA,SORVDOCE COMERCIAL DE ALIMENTOS LTDA,SORVDOCE COMERCIAL DE ALIMENTOS LTDA,SORVDOCE COMERCIAL DE ALIMENTOS LTDA;	Elizabeth / Lays - Sorvfoods;Concluído;Angela de Sousa Moreira;2025-12-16T20:59:38.601Z
SORVDOCE COMERCIAL DE ALIMENTOS LTDA,SORVDOCE COMERCIAL DE ALIMENTOS LTDA,SORVDOCE COMERCIAL DE ALIMENTOS LTDA,SORVDOCE COMERCIAL DE ALIMENTOS LTDA;	Elizabeth / Lays - Sorvfoods;Concluído;Angela de Sousa Moreira;2025-12-17T19:01:58.143Z
SORVDOCE COMERCIAL DE ALIMENTOS LTDA,SORVDOCE COMERCIAL DE ALIMENTOS LTDA,SORVDOCE COMERCIAL DE ALIMENTOS LTDA,SORVDOCE COMERCIAL DE ALIMENTOS LTDA;	Elizabeth / Lays - Sorvfoods;Concluído;Angela de Sousa Moreira;2025-12-18T15:05:17.185Z
SORVDOCE COMERCIAL DE ALIMENTOS LTDA,SORVDOCE COMERCIAL DE ALIMENTOS LTDA,SORVDOCE COMERCIAL DE ALIMENTOS LTDA,SORVDOCE COMERCIAL DE ALIMENTOS LTDA;	Elizabeth / Lays - Sorvfoods;Concluído;Angela de Sousa Moreira;2025-12-08T14:08:20.103Z
SORVDOCE COMERCIAL DE ALIMENTOS LTDA,SORVDOCE COMERCIAL DE ALIMENTOS LTDA,SORVDOCE COMERCIAL DE ALIMENTOS LTDA,SORVDOCE COMERCIAL DE ALIMENTOS LTDA;	Elizabeth / Lays - Sorvfoods;Concluído;Renato Almeida;2025-12-05T19:56:44.773Z
SORVDOCE COMERCIAL DE ALIMENTOS LTDA,SORVDOCE COMERCIAL DE ALIMENTOS LTDA,SORVDOCE COMERCIAL DE ALIMENTOS LTDA,SORVDOCE COMERCIAL DE ALIMENTOS LTDA;	Elizabeth / Lays - Sorvfoods;Concluído;Fernando Tondelli;2025-12-23T09:05:01.378Z
SORVDOCE COMERCIAL DE ALIMENTOS LTDA,SORVDOCE COMERCIAL DE ALIMENTOS LTDA,SORVDOCE COMERCIAL DE ALIMENTOS LTDA,SORVDOCE COMERCIAL DE ALIMENTOS LTDA;	Elizabeth / Lays - Sorvfoods;Concluído;Angela de Sousa Moreira;2025-12-18T15:54:45.280Z
SORVDOCE COMERCIAL DE ALIMENTOS LTDA,SORVDOCE COMERCIAL DE ALIMENTOS LTDA,SORVDOCE COMERCIAL DE ALIMENTOS LTDA,SORVDOCE COMERCIAL DE ALIMENTOS LTDA;	Elizabeth / Lays - Sorvfoods;Concluído;Fernando Tondelli;2025-12-22T16:19:55.452Z
SORVDOCE COMERCIAL DE ALIMENTOS LTDA,SORVDOCE COMERCIAL DE ALIMENTOS LTDA,SORVDOCE COMERCIAL DE ALIMENTOS LTDA,SORVDOCE COMERCIAL DE ALIMENTOS LTDA;	Elizabeth / Lays - Sorvfoods;Concluído;Angela de Sousa Moreira;2025-12-19T21:13:04.143Z
SORVDOCE COMERCIAL DE ALIMENTOS LTDA,SORVDOCE COMERCIAL DE ALIMENTOS LTDA,SORVDOCE COMERCIAL DE ALIMENTOS LTDA,SORVDOCE COMERCIAL DE ALIMENTOS LTDA;	Elizabeth / Lays - Sorvfoods;Concluído;Angela de Sousa Moreira;2025-12-15T20:50:36.966Z
SORVDOCE COMERCIAL DE ALIMENTOS LTDA,SORVDOCE COMERCIAL DE ALIMENTOS LTDA,SORVDOCE COMERCIAL DE ALIMENTOS LTDA,SORVDOCE COMERCIAL DE ALIMENTOS LTDA;	Elizabeth / Lays - Sorvfoods;Concluído;Angela de Sousa Moreira;2025-12-11T19:07:51.910Z
SORVDOCE COMERCIAL DE ALIMENTOS LTDA,SORVDOCE COMERCIAL DE ALIMENTOS LTDA,SORVDOCE COMERCIAL DE ALIMENTOS LTDA,SORVDOCE COMERCIAL DE ALIMENTOS LTDA;	Elizabeth / Lays - Sorvfoods;Concluído;Angela de Sousa Moreira;2025-12-15T21:25:01.882Z
SORVDOCE COMERCIAL DE ALIMENTOS LTDA,SORVDOCE COMERCIAL DE ALIMENTOS LTDA,SORVDOCE COMERCIAL DE ALIMENTOS LTDA,SORVDOCE COMERCIAL DE ALIMENTOS LTDA;	Elizabeth / Lays - Sorvfoods;Concluído;Angela de Sousa Moreira;2025-12-10T14:56:34.182Z
SORVDOCE COMERCIAL DE ALIMENTOS LTDA,SORVDOCE COMERCIAL DE ALIMENTOS LTDA,SORVDOCE COMERCIAL DE ALIMENTOS LTDA,SORVDOCE COMERCIAL DE ALIMENTOS LTDA;	Elizabeth / Lays - Sorvfoods;Concluído;Angela de Sousa Moreira;2025-12-09T15:38:27.890Z
SORVDOCE COMERCIAL DE ALIMENTOS LTDA,SORVDOCE COMERCIAL DE ALIMENTOS LTDA,SORVDOCE COMERCIAL DE ALIMENTOS LTDA,SORVDOCE COMERCIAL DE ALIMENTOS LTDA;	Elizabeth / Lays - Sorvfoods;Concluído;Angela de Sousa Moreira;2025-12-08T15:00:50.465Z
SORVDOCE COMERCIAL DE ALIMENTOS LTDA,SORVDOCE COMERCIAL DE ALIMENTOS LTDA,SORVDOCE COMERCIAL DE ALIMENTOS LTDA,SORVDOCE COMERCIAL DE ALIMENTOS LTDA;	Elizabeth / Lays - Sorvfoods;Concluído;Angela de Sousa Moreira;2025-12-05T17:53:11.386Z
SORVDOCE COMERCIAL DE ALIMENTOS LTDA,SORVDOCE COMERCIAL DE ALIMENTOS LTDA,SORVDOCE COMERCIAL DE ALIMENTOS LTDA,SORVDOCE COMERCIAL DE ALIMENTOS LTDA;	Elizabeth / Lays - Sorvfoods;Concluído;Angela de Sousa Moreira;2025-12-01T21:07:39.526Z
SORVDOCE COMERCIAL DE ALIMENTOS LTDA,SORVDOCE COMERCIAL DE ALIMENTOS LTDA,SORVDOCE COMERCIAL DE ALIMENTOS LTDA,SORVDOCE COMERCIAL DE ALIMENTOS LTDA;	Elizabeth / Lays - Sorvfoods;Concluído;Angela de Sousa Moreira;2025-12-03T01:39:59.999Z
SORVDOCE COMERCIAL DE ALIMENTOS LTDA,SORVDOCE COMERCIAL DE ALIMENTOS LTDA,SORVDOCE COMERCIAL DE ALIMENTOS LTDA,SORVDOCE COMERCIAL DE ALIMENTOS LTDA;	Elizabeth / Lays - Sorvfoods;Concluído;Angela de Sousa Moreira;2025-12-03T20:41:58.117Z
SORVDOCE COMERCIAL DE ALIMENTOS LTDA,SORVDOCE COMERCIAL DE ALIMENTOS LTDA,SORVDOCE COMERCIAL DE ALIMENTOS LTDA,SORVDOCE COMERCIAL DE ALIMENTOS LTDA;	Elizabeth / Lays - Sorvfoods;Concluído;Angela de Sousa Moreira;2025-12-05T16:16:16.974Z
SORVDOCE COMERCIAL DE ALIMENTOS LTDA,SORVDOCE COMERCIAL DE ALIMENTOS LTDA,SORVDOCE COMERCIAL DE ALIMENTOS LTDA,SORVDOCE COMERCIAL DE ALIMENTOS LTDA;	Elizabeth / Lays - Sorvfoods;Concluído;Angela de Sousa Moreira;2025-12-04T21:09:18.112Z
DRAKOS REESTRUTURACOES LTDA;	Emiliano Spyer Drakos ;Concluído;Jessica Rodrigues;2025-12-01T21:08:18.873Z
DRAKOS REESTRUTURACOES LTDA;	Emiliano Spyer Drakos ;Concluído;Anderson Silva;2025-12-04T20:50:23.690Z
DRAKOS REESTRUTURACOES LTDA;	Emiliano Spyer Drakos ;Concluído;Cintia Godoi;2025-12-16T16:54:41.652Z
DRAKOS REESTRUTURACOES LTDA;	Emiliano Spyer Drakos ;Concluído;Jessica Rodrigues;2025-12-01T12:17:29.372Z
DRAKOS REESTRUTURACOES LTDA;	Emiliano Spyer Drakos ;Concluído;Jessica Rodrigues;2025-12-02T18:54:33.668Z
DRAKOS REESTRUTURACOES LTDA;	Emiliano Spyer Drakos ;Concluído;Jessica Rodrigues;2025-12-02T20:57:47.337Z
DRAKOS REESTRUTURACOES LTDA;	Emiliano Spyer Drakos ;Concluído;Jessica Rodrigues;2025-12-03T20:59:34.126Z
DRAKOS REESTRUTURACOES LTDA;	Emiliano Spyer Drakos ;Concluído;Jessica Rodrigues;2025-12-04T19:41:58.360Z
DRAKOS REESTRUTURACOES LTDA;	Emiliano Spyer Drakos ;Concluído;Rafael Lopes Cardoso;2025-12-12T19:18:21.909Z
DRAKOS REESTRUTURACOES LTDA;	Emiliano Spyer Drakos ;Concluído;Anderson Silva;2025-12-05T21:08:55.948Z
DRAKOS REESTRUTURACOES LTDA;	Emiliano Spyer Drakos ;Concluído;Anderson Silva;2025-12-11T13:48:39.163Z
DRAKOS REESTRUTURACOES LTDA;	Emiliano Spyer Drakos ;Concluído;Anderson Silva;2025-12-11T15:07:46.913Z
J.C.F. COMERCIO DE VESTUARIO LTDA;	Erica Soares (Jogê);Concluído;Renato Almeida;2025-12-17T19:14:46.266Z
;	Escola Realiza (Grupo);Concluído;Lucas Andriz dos Santos;2025-12-04T19:41:32.064Z
;	Escola Realiza (Grupo);Concluído;Fernando Tondelli;2025-12-18T14:12:50.160Z
;	Everton GAOSEG;Concluído;Angela de Sousa Moreira;2025-12-12T12:37:46.397Z
;	Everton GAOSEG;Concluído;Angela de Sousa Moreira;2025-12-10T19:43:58.777Z
;	Everton GAOSEG;Concluído;Angela de Sousa Moreira;2025-12-10T17:17:52.449Z
;	Everton GAOSEG;Concluído;Angela de Sousa Moreira;2025-12-09T17:02:55.080Z
;	Everton GAOSEG;Concluído;Angela de Sousa Moreira;2025-12-08T17:08:16.261Z
;	Everton GAOSEG;Concluído;Angela de Sousa Moreira;2025-12-08T13:52:54.405Z
;	Everton GAOSEG;Concluído;Angela de Sousa Moreira;2025-12-12T12:47:23.784Z
TECHPOSTO CGE - TECNOLOGIA EM EQUIPAMENTOS LTDA,TECHPOSTO TECNOLOGIA EM EQUIPAMENTOS LTDA,TECHPOSTO CMP - TECNOLOGIA EM EQUIPAMENTOS LTDA.;	Ewerton (Grupo Techposto);Concluído;Renato Almeida;2025-12-10T20:23:32.495Z
TECHPOSTO CGE - TECNOLOGIA EM EQUIPAMENTOS LTDA,TECHPOSTO TECNOLOGIA EM EQUIPAMENTOS LTDA,TECHPOSTO CMP - TECNOLOGIA EM EQUIPAMENTOS LTDA.;	Ewerton (Grupo Techposto);Concluído;Renato Almeida;2025-12-03T11:36:19.731Z
TECHPOSTO CGE - TECNOLOGIA EM EQUIPAMENTOS LTDA,TECHPOSTO TECNOLOGIA EM EQUIPAMENTOS LTDA,TECHPOSTO CMP - TECNOLOGIA EM EQUIPAMENTOS LTDA.;	Ewerton (Grupo Techposto);Concluído;Renato Almeida;2025-12-12T12:14:39.314Z
TECHPOSTO CGE - TECNOLOGIA EM EQUIPAMENTOS LTDA,TECHPOSTO TECNOLOGIA EM EQUIPAMENTOS LTDA,TECHPOSTO CMP - TECNOLOGIA EM EQUIPAMENTOS LTDA.;	Ewerton (Grupo Techposto);Concluído;Renato Almeida;2025-12-11T21:01:43.649Z
TECHPOSTO CGE - TECNOLOGIA EM EQUIPAMENTOS LTDA,TECHPOSTO TECNOLOGIA EM EQUIPAMENTOS LTDA,TECHPOSTO CMP - TECNOLOGIA EM EQUIPAMENTOS LTDA.;	Ewerton (Grupo Techposto);Concluído;Renato Almeida;2025-12-04T20:07:53.676Z
TECHPOSTO CGE - TECNOLOGIA EM EQUIPAMENTOS LTDA,TECHPOSTO TECNOLOGIA EM EQUIPAMENTOS LTDA,TECHPOSTO CMP - TECNOLOGIA EM EQUIPAMENTOS LTDA.;	Ewerton (Grupo Techposto);Concluído;Renato Almeida;2025-12-11T14:04:55.110Z
;	Fabio (Movare);Concluído;Renato Almeida;2025-12-04T13:35:03.816Z
;	Fabio (Movare);Concluído;Renato Almeida;2025-12-19T17:58:49.412Z
;	Fabio (Movare);Concluído;Renato Almeida;2025-12-03T19:06:21.595Z
;	Fabio (Movare);Concluído;Renato Almeida;2025-12-18T13:51:19.893Z
;	Fabio (Movare);Concluído;Fernando Tondelli;2025-12-23T09:05:37.913Z
;	Fabio (Movare);Concluído;Renato Almeida;2025-12-05T17:59:31.511Z
;	Fabio (Movare);Concluído;Renato Almeida;2025-12-17T17:06:37.791Z
;	Fabio (Movare);Concluído;Renato Almeida;2025-12-01T16:59:00.169Z
;	Fabio (Movare);Concluído;Renato Almeida;2025-12-03T17:58:10.798Z
;	Fabio (Movare);Concluído;Renato Almeida;2025-12-04T13:36:32.276Z
;	Fabio ICX Labs;Concluído;Angela de Sousa Moreira;2025-12-05T12:54:35.135Z
TREVV TRANSPORTES LTDA;	Fabricio (Grupo TJ Transportes);Concluído;Juan Santos;2025-12-02T14:32:28.412Z
TREVV TRANSPORTES LTDA;	Fabricio (Grupo TJ Transportes);Desconsiderado;Pamella albuquerque;2025-12-09T15:06:38.132Z
TREVV TRANSPORTES LTDA;	Fabricio (Grupo TJ Transportes);Concluído;Renato Almeida;2025-12-18T11:54:52.979Z
ANNA TERRA PRODUTOS FARMACEUTICOS LTDA,ANNA TERRA SERVICOS LTDA;	Fernanda (Anna Terra);Concluído;GABRIELA ROSA;2025-12-04T13:51:56.522Z
ANNA TERRA PRODUTOS FARMACEUTICOS LTDA,ANNA TERRA SERVICOS LTDA;	Fernanda (Anna Terra);Concluído;GABRIELA ROSA;2025-12-09T17:15:17.028Z
ANNA TERRA PRODUTOS FARMACEUTICOS LTDA,ANNA TERRA SERVICOS LTDA;	Fernanda (Anna Terra);Concluído;Julia Christina Sousa da Silva;2025-12-17T18:45:17.648Z
ANNA TERRA PRODUTOS FARMACEUTICOS LTDA,ANNA TERRA SERVICOS LTDA;	Fernanda (Anna Terra);Concluído;Rafael Lopes Cardoso;2025-12-01T18:44:58.730Z
ANNA TERRA PRODUTOS FARMACEUTICOS LTDA,ANNA TERRA SERVICOS LTDA;	Fernanda (Anna Terra);Concluído;GABRIELA ROSA;2025-12-02T20:55:52.127Z
ANNA TERRA PRODUTOS FARMACEUTICOS LTDA,ANNA TERRA SERVICOS LTDA;	Fernanda (Anna Terra);Concluído;Fernando Tondelli;2025-12-22T16:20:10.353Z
ANNA TERRA PRODUTOS FARMACEUTICOS LTDA,ANNA TERRA SERVICOS LTDA;	Fernanda (Anna Terra);Concluído;Julia Christina Sousa da Silva;2025-12-05T18:09:00.261Z
ANNA TERRA PRODUTOS FARMACEUTICOS LTDA,ANNA TERRA SERVICOS LTDA;	Fernanda (Anna Terra);Concluído;Fernando Tondelli;2025-12-19T21:13:12.183Z
ANNA TERRA PRODUTOS FARMACEUTICOS LTDA,ANNA TERRA SERVICOS LTDA;	Fernanda (Anna Terra);Concluído;GABRIELA ROSA;2025-12-11T18:23:35.359Z
ANNA TERRA PRODUTOS FARMACEUTICOS LTDA,ANNA TERRA SERVICOS LTDA;	Fernanda (Anna Terra);Concluído;GABRIELA ROSA;2025-12-02T13:22:47.416Z
LOUNGE HAIR FASHION LTDA;	Fernanda LOUNGE HAIR;Concluído;JANAINA BOMFIM;2025-12-04T16:03:43.524Z
LOUNGE HAIR FASHION LTDA;	Fernanda LOUNGE HAIR;Concluído;Angela de Sousa Moreira;2025-12-09T15:38:31.598Z
LOUNGE HAIR FASHION LTDA;	Fernanda LOUNGE HAIR;Concluído;Rafael Lopes Cardoso;2025-12-01T20:50:31.295Z
LOUNGE HAIR FASHION LTDA;	Fernanda LOUNGE HAIR;Concluído;Angela de Sousa Moreira;2025-12-09T17:57:50.085Z
LOUNGE HAIR FASHION LTDA;	Fernanda LOUNGE HAIR;Concluído;GABRIELA ROSA;2025-12-10T17:05:53.493Z
LOUNGE HAIR FASHION LTDA;	Fernanda LOUNGE HAIR;Concluído;GABRIELA ROSA;2025-12-17T18:48:16.850Z
LOUNGE HAIR FASHION LTDA;	Fernanda LOUNGE HAIR;Concluído;GABRIELA ROSA;2025-12-10T16:34:46.931Z
LOUNGE HAIR FASHION LTDA;	Fernanda LOUNGE HAIR;Concluído;Angela de Sousa Moreira;2025-12-10T20:03:43.797Z
LOUNGE HAIR FASHION LTDA;	Fernanda LOUNGE HAIR;Concluído;GABRIELA ROSA;2025-12-10T21:04:39.010Z
INFINITE MOVEIS COMERCIAIS LTDA;	Financeiro - (Infinite Móveis);Concluído;Renato Almeida;2025-12-11T14:05:24.966Z
INFINITE MOVEIS COMERCIAIS LTDA;	Financeiro - (Infinite Móveis);Concluído;Renato Almeida;2025-12-16T21:24:47.243Z
INFINITE MOVEIS COMERCIAIS LTDA;	Financeiro - (Infinite Móveis);Concluído;Renato Almeida;2025-12-12T17:55:27.910Z
INFINITE MOVEIS COMERCIAIS LTDA;	Financeiro - (Infinite Móveis);Concluído;Renato Almeida;2025-12-11T21:02:14.530Z
INFINITE MOVEIS COMERCIAIS LTDA;	Financeiro - (Infinite Móveis);Concluído;Renato Almeida;2025-12-09T12:53:17.046Z
;	Fiscal Oficial Farma + Tax base;Concluído;Rafael Lopes Cardoso;2025-12-19T18:03:54.860Z
;	Fiscal Oficial Farma + Tax base;Concluído;Rafael Lopes Cardoso;2025-12-01T14:09:29.478Z
;	Fiscal Oficial Farma + Tax base;Concluído;Rafael Lopes Cardoso;2025-12-01T19:01:29.264Z
;	Fiscal Oficial Farma + Tax base;Concluído;Rafael Lopes Cardoso;2025-12-08T13:00:50.948Z
;	Fiscal Oficial Farma + Tax base;Concluído;Rafael Lopes Cardoso;2025-12-18T14:07:01.848Z
;	Fiscal Oficial Farma + Tax base;Concluído;Rafael Lopes Cardoso;2025-12-19T14:07:46.507Z
METALURGICA NOVO TEMPO LTDA,PORTO ESTRUTURAS METALICAS LTDA;	Gabriel (Metalúrgica Porto);Concluído;Fernando Tondelli;2025-12-18T14:12:36.654Z
;	Gabriel - Exraven;Concluído;Julia Christina Sousa da Silva;2025-12-08T12:33:56.877Z
;	Gabriel - Exraven;Concluído;Julia Christina Sousa da Silva;2025-12-17T16:24:11.689Z
;	Gabriel - Exraven;Concluído;Angela de Sousa Moreira;2025-12-11T21:11:46.377Z
;	Gabriel - Exraven;Concluído;Pamella albuquerque;2025-12-18T14:12:56.011Z
;	Gabriel - Exraven;Concluído;GABRIELA ROSA;2025-12-02T14:32:18.211Z
;	Gabriel - Exraven;Concluído;GABRIELA ROSA;2025-12-18T14:58:12.357Z
;	Gabriel - Exraven;Concluído;Fernando Tondelli;2025-12-19T21:13:35.471Z
;	Geovana - Enfase;Concluído;Angela de Sousa Moreira;2025-12-15T16:20:26.206Z
;	Geovanna Bataglia - GRUPO EVANDRO;Concluído;Rafael Lopes Cardoso;2025-12-08T13:00:54.513Z
;	Geovanna Bataglia - GRUPO EVANDRO;Concluído;Rafael Lopes Cardoso;2025-12-09T17:14:09.509Z
;	Geovanna Bataglia - GRUPO EVANDRO;Concluído;Rafael Lopes Cardoso;2025-12-08T11:24:00.371Z
;	Gisele (Taxbase);Concluído;Angela de Sousa Moreira;2025-12-09T12:17:45.251Z
;	Gisele (Taxbase);Concluído;Rafael Lopes Cardoso;2025-12-19T21:13:17.218Z
;	Gisele (Taxbase);Concluído;JANAINA BOMFIM;2025-12-12T13:45:18.883Z
D N BENVENUTI & CIA LTDA,J S BENVENUTI & CIA LTDA;	Gislaine - Financeiro (GRUPO BENVENUTI);Concluído;Rafael Lopes Cardoso;2025-12-04T12:46:39.210Z
D N BENVENUTI & CIA LTDA,J S BENVENUTI & CIA LTDA;	Gislaine - Financeiro (GRUPO BENVENUTI);Concluído;Rafael Lopes Cardoso;2025-12-12T12:49:20.113Z
D N BENVENUTI & CIA LTDA,J S BENVENUTI & CIA LTDA;	Gislaine - Financeiro (GRUPO BENVENUTI);Concluído;Rafael Lopes Cardoso;2025-12-12T12:31:58.292Z
D N BENVENUTI & CIA LTDA,J S BENVENUTI & CIA LTDA;	Gislaine - Financeiro (GRUPO BENVENUTI);Concluído;Rafael Lopes Cardoso;2025-12-12T11:53:35.107Z
D N BENVENUTI & CIA LTDA,J S BENVENUTI & CIA LTDA;	Gislaine - Financeiro (GRUPO BENVENUTI);Concluído;Rafael Lopes Cardoso;2025-12-08T11:24:07.535Z
D N BENVENUTI & CIA LTDA,J S BENVENUTI & CIA LTDA;	Gislaine - Financeiro (GRUPO BENVENUTI);Concluído;Rafael Lopes Cardoso;2025-12-04T12:22:58.196Z
;	Giuliano Passini - FAZZIO e AZG;Concluído;Giulliana Cerejo;2025-12-01T15:07:54.220Z
;	Giuliano Passini - FAZZIO e AZG;Concluído;JANAINA BOMFIM;2025-12-11T14:20:22.243Z
;	Giuliano Passini - FAZZIO e AZG;Concluído;Renato Almeida;2025-12-02T13:33:10.192Z
;	Giuliano Passini - FAZZIO e AZG;Concluído;Renato Almeida;2025-12-02T13:48:10.849Z
;	Guilherme - BRACHI / NEXUS;Concluído;Rafael Lopes Cardoso;2025-12-16T19:18:41.093Z
;	Guilherme - BRACHI / NEXUS;Concluído;Rafael Lopes Cardoso;2025-12-16T19:51:59.087Z
;	Guilherme - BRACHI / NEXUS;Concluído;Rafael Lopes Cardoso;2025-12-17T14:58:11.605Z
;	Guilherme - BRACHI / NEXUS;Concluído;Fernando Tondelli;2025-12-31T10:06:37.981Z
;	Guilherme - GH FONTES;Concluído;JANAINA BOMFIM;2025-12-17T20:17:33.747Z
ESTILO CORRETORA DE SEGUROS LTDA,ESTILO ASSESSORIA E CORRETORA DE SEGUROS LTDA;	Gustavo (Estilo Corretora);Concluído;Angela de Sousa Moreira;2025-12-02T19:27:53.095Z
INFINITE MOVEIS COMERCIAIS LTDA;	Helder (Infinite Móveis);Concluído;Renato Almeida;2025-12-01T17:33:24.367Z
INFINITE MOVEIS COMERCIAIS LTDA;	Helder (Infinite Móveis);Concluído;Renato Almeida;2025-12-18T13:51:09.876Z
INFINITE MOVEIS COMERCIAIS LTDA;	Helder (Infinite Móveis);Concluído;Renato Almeida;2025-12-18T11:54:25.425Z
INFINITE MOVEIS COMERCIAIS LTDA;	Helder (Infinite Móveis);Concluído;Renato Almeida;2025-12-11T21:02:25.056Z
INFINITE MOVEIS COMERCIAIS LTDA;	Helder (Infinite Móveis);Concluído;Renato Almeida;2025-12-11T14:18:59.779Z
GNC PLACAS INDUSTRIA E COMERCIO LTDA,PIV ESTAMPAGEM DE PLACAS DE IDENTIFICACAO VEICULAR LTDA,EMPLAQUE JA COMERCIO DE PLACAS LTDA;	Ismã (Grupo GNC);Concluído;Rafael Lopes Cardoso;2025-12-04T20:23:36.299Z
GNC PLACAS INDUSTRIA E COMERCIO LTDA,PIV ESTAMPAGEM DE PLACAS DE IDENTIFICACAO VEICULAR LTDA,EMPLAQUE JA COMERCIO DE PLACAS LTDA;	Ismã (Grupo GNC);Concluído;Jessica Rodrigues;2025-12-03T20:25:05.510Z
GNC PLACAS INDUSTRIA E COMERCIO LTDA,PIV ESTAMPAGEM DE PLACAS DE IDENTIFICACAO VEICULAR LTDA,EMPLAQUE JA COMERCIO DE PLACAS LTDA;	Ismã (Grupo GNC);Concluído;Rafael Lopes Cardoso;2025-12-12T16:15:57.727Z
GNC PLACAS INDUSTRIA E COMERCIO LTDA,PIV ESTAMPAGEM DE PLACAS DE IDENTIFICACAO VEICULAR LTDA,EMPLAQUE JA COMERCIO DE PLACAS LTDA;	Ismã (Grupo GNC);Concluído;Rafael Lopes Cardoso;2025-12-08T11:24:11.640Z
GNC PLACAS INDUSTRIA E COMERCIO LTDA,PIV ESTAMPAGEM DE PLACAS DE IDENTIFICACAO VEICULAR LTDA,EMPLAQUE JA COMERCIO DE PLACAS LTDA;	Ismã (Grupo GNC);Concluído;Jessica Rodrigues;2025-12-01T19:26:30.699Z
GNC PLACAS INDUSTRIA E COMERCIO LTDA,PIV ESTAMPAGEM DE PLACAS DE IDENTIFICACAO VEICULAR LTDA,EMPLAQUE JA COMERCIO DE PLACAS LTDA;	Ismã (Grupo GNC);Concluído;Rafael Lopes Cardoso;2025-12-11T13:37:41.929Z
GNC PLACAS INDUSTRIA E COMERCIO LTDA,PIV ESTAMPAGEM DE PLACAS DE IDENTIFICACAO VEICULAR LTDA,EMPLAQUE JA COMERCIO DE PLACAS LTDA;	Ismã (Grupo GNC);Concluído;Rafael Lopes Cardoso;2025-12-09T12:12:02.679Z
GNC PLACAS INDUSTRIA E COMERCIO LTDA,PIV ESTAMPAGEM DE PLACAS DE IDENTIFICACAO VEICULAR LTDA,EMPLAQUE JA COMERCIO DE PLACAS LTDA;	Ismã (Grupo GNC);Concluído;Jessica Rodrigues;2025-12-04T19:45:37.975Z
METALURGICA NOVO TEMPO LTDA,PORTO ESTRUTURAS METALICAS LTDA;	Ivane Porto ;Concluído;Angela de Sousa Moreira;2025-12-05T13:11:11.370Z
METALURGICA NOVO TEMPO LTDA,PORTO ESTRUTURAS METALICAS LTDA;	Ivane Porto ;Concluído;Angela de Sousa Moreira;2025-12-05T18:04:15.248Z
METALURGICA NOVO TEMPO LTDA,PORTO ESTRUTURAS METALICAS LTDA;	Ivane Porto ;Concluído;Angela de Sousa Moreira;2025-12-09T11:04:22.521Z
METALURGICA NOVO TEMPO LTDA,PORTO ESTRUTURAS METALICAS LTDA;	Ivane Porto ;Concluído;Fernando Tondelli;2025-12-18T14:12:41.032Z
METALURGICA NOVO TEMPO LTDA,PORTO ESTRUTURAS METALICAS LTDA;	Ivane Porto ;Concluído;Angela de Sousa Moreira;2025-12-03T01:40:35.658Z
METALURGICA NOVO TEMPO LTDA,PORTO ESTRUTURAS METALICAS LTDA;	Ivane Porto ;Concluído;Angela de Sousa Moreira;2025-12-04T14:43:59.164Z
METALURGICA NOVO TEMPO LTDA,PORTO ESTRUTURAS METALICAS LTDA;	Ivane Porto ;Concluído;Angela de Sousa Moreira;2025-12-09T17:02:59.594Z
METALURGICA NOVO TEMPO LTDA,PORTO ESTRUTURAS METALICAS LTDA;	Ivane Porto ;Concluído;Rafael Lopes Cardoso;2025-12-05T18:28:30.389Z
;	Jefferson GAOSEG;Concluído;Anderson Silva;2025-12-02T20:56:12.712Z
;	Jefferson GAOSEG;Concluído;Anderson Silva;2025-12-02T18:40:51.426Z
;	Jefferson GAOSEG;Concluído;Angela de Sousa Moreira;2025-12-05T14:57:08.494Z
;	Jonatas - Ciclomade/programador;Concluído;Rafael Lopes Cardoso;2025-12-04T20:09:40.291Z
CHURRASCARIA XALE GRILL LTDA;	Josi - Xale Grill;Concluído;Julia Christina Sousa da Silva;2025-12-10T18:52:31.594Z
CHURRASCARIA XALE GRILL LTDA;	Josi - Xale Grill;Concluído;Julia Christina Sousa da Silva;2025-12-09T15:07:55.663Z
CHURRASCARIA XALE GRILL LTDA;	Josi - Xale Grill;Concluído;GABRIELA ROSA;2025-12-02T14:31:44.443Z
LIKE PRODUCOES LTDA;	João Like;Concluído;Angela de Sousa Moreira;2025-12-02T19:20:52.409Z
;	Juliana PF OF;Concluído;Rafael Lopes Cardoso;2025-12-17T17:28:23.936Z
;	Juliana PF OF;Concluído;Rafael Lopes Cardoso;2025-12-09T18:33:21.181Z
;	Junior cont. ant. Lilian Lilatur;Concluído;Angela de Sousa Moreira;2025-12-12T18:39:43.934Z
;	Karina (Grupo TJ Transportes);Concluído;Juan Santos;2025-12-09T15:07:51.449Z
OFICIAL COMERCIO VAREJISTA LTDA,MERCADO OFICIAL SERVICOS DE INTERMEDIACAO E AGENCIAMENTO DE NEGOCIOS EM GERAL LT,DROGARIA E FARMACIA DE MANIPULACAO VILA AMERICA LTDA,FARMACIA DE MANIPULACAO GRACIOSA LTDA,FARMACIA MAJESTIC LTDA,FARMACIA MAJESTIC LTDA,JJ MAX INDUSTRIA E COMERCIO DE COMESTICOS LTDA,LAYNESKIN DERMOCOSMETICOS LTDA,FARMACIA MAJESTIC LTDA,SAUDE & FORMA-FARMACIA DE MANIPULACAO EHOMEOPATIA LTDA,PLAZEZUSCKI PARTICIPACOES S/A.;	Kathelen (Grupo OF - Fiscal);Concluído;Rafael Lopes Cardoso;2025-12-10T12:53:56.518Z
;	Katy Fagundes ✦;Concluído;JANAINA BOMFIM;2025-12-11T15:03:15.302Z
;	Katy Fagundes ✦;Concluído;Jessica Rodrigues;2025-12-12T14:52:16.394Z
;	Katy Fagundes ✦;Concluído;Fernando Tondelli;2025-12-23T16:09:43.455Z
;	Kelly - Rosela;Concluído;Rafael Lopes Cardoso;2025-12-18T14:06:58.362Z
;	Kelly - Rosela;Concluído;Rafael Lopes Cardoso;2025-12-19T13:52:06.854Z
;	Kelly - Rosela;Concluído;Angela de Sousa Moreira;2025-12-17T19:02:06.557Z
LILATUR VIAGENS EXCLUSIVAS LTDA,LILIAN CRISTIANE CLARO ANEZ;	LILATUR Viagens Exclusivas;Concluído;Angela de Sousa Moreira;2025-12-17T19:02:37.841Z
LILATUR VIAGENS EXCLUSIVAS LTDA,LILIAN CRISTIANE CLARO ANEZ;	LILATUR Viagens Exclusivas;Concluído;Fernando Tondelli;2025-12-22T16:19:51.691Z
LILATUR VIAGENS EXCLUSIVAS LTDA,LILIAN CRISTIANE CLARO ANEZ;	LILATUR Viagens Exclusivas;Concluído;Angela de Sousa Moreira;2025-12-17T19:32:37.776Z
LSA SERVICOS EM TI LTDA;	Leandro (LSA Serviços);Concluído;JANAINA BOMFIM;2025-12-15T14:14:13.801Z
;	Leticia - SKIN;Concluído;Rafael Lopes Cardoso;2025-12-04T20:09:35.237Z
;	Leticia - SKIN;Concluído;Jessica Rodrigues;2025-12-04T15:36:33.504Z
;	Leticia - SKIN;Concluído;Fernando Tondelli;2025-12-23T09:07:04.943Z
;	Leticia - SKIN;Concluído;Lucas Andriz dos Santos;2025-12-03T19:42:46.486Z
;	Leticia - SKIN;Concluído;Brenda Souza;2025-12-02T14:32:11.575Z
;	Leticia - SKIN;Concluído;Rafael Lopes Cardoso;2025-12-02T18:47:50.277Z
;	Leticia - SKIN;Concluído;Lucas Andriz dos Santos;2025-12-04T13:33:51.625Z
;	Leticia - SKIN;Concluído;Jessica Rodrigues;2025-12-10T11:57:23.237Z
ELTEX'S - CONSULTORIA, LOGISTICA E SISTEMAS DE TERMINAIS DE CARGAS LTDA.,ELTEX'S TERMINAIS E PROJETOS DO BRASIL LTDA;	Letícia - ELTEX'S;Concluído;Angela de Sousa Moreira;2025-12-09T11:09:42.743Z
ELTEX'S - CONSULTORIA, LOGISTICA E SISTEMAS DE TERMINAIS DE CARGAS LTDA.,ELTEX'S TERMINAIS E PROJETOS DO BRASIL LTDA;	Letícia - ELTEX'S;Concluído;Angela de Sousa Moreira;2025-12-05T18:02:47.705Z
ELTEX'S - CONSULTORIA, LOGISTICA E SISTEMAS DE TERMINAIS DE CARGAS LTDA.,ELTEX'S TERMINAIS E PROJETOS DO BRASIL LTDA;	Letícia - ELTEX'S;Concluído;Angela de Sousa Moreira;2025-12-03T13:50:01.483Z
ELTEX'S - CONSULTORIA, LOGISTICA E SISTEMAS DE TERMINAIS DE CARGAS LTDA.,ELTEX'S TERMINAIS E PROJETOS DO BRASIL LTDA;	Letícia - ELTEX'S;Concluído;Angela de Sousa Moreira;2025-12-02T21:12:56.172Z
A.S.O.S. TELHAS LTDA;	Luan (ASOS Telhas);Concluído;Brenda Souza;2025-12-12T16:12:35.695Z
A.S.O.S. TELHAS LTDA;	Luan (ASOS Telhas);Concluído;Brenda Souza;2025-12-18T12:54:49.396Z
A.S.O.S. TELHAS LTDA;	Luan (ASOS Telhas);Concluído;Fernando Tondelli;2025-12-23T09:07:13.957Z
A.S.O.S. TELHAS LTDA;	Luan (ASOS Telhas);Concluído;Angela de Sousa Moreira;2025-12-11T13:24:15.762Z
A.S.O.S. TELHAS LTDA;	Luan (ASOS Telhas);Concluído;Angela de Sousa Moreira;2025-12-08T13:27:24.769Z
A.S.O.S. TELHAS LTDA;	Luan (ASOS Telhas);Concluído;GABRIELA ROSA;2025-12-12T13:34:38.389Z
A.S.O.S. TELHAS LTDA;	Luan (ASOS Telhas);Concluído;Angela de Sousa Moreira;2025-12-12T19:35:18.359Z
A.S.O.S. TELHAS LTDA;	Luan (ASOS Telhas);Concluído;JANAINA BOMFIM;2025-12-03T18:40:29.778Z
A.S.O.S. TELHAS LTDA;	Luan (ASOS Telhas);Concluído;Angela de Sousa Moreira;2025-12-02T16:31:52.769Z
A.S.O.S. TELHAS LTDA;	Luan (ASOS Telhas);Concluído;Angela de Sousa Moreira;2025-12-02T14:28:37.354Z
;	Lucas - ANNA TERRA;Concluído;Rafael Lopes Cardoso;2025-12-11T17:14:06.901Z
PETRO SAPPER COMERCIO DE COMBUSTIVEIS ELUBRIFICANTES LTDA;	Luci - Petro Sapper;Concluído;Angela de Sousa Moreira;2025-12-02T13:27:30.462Z
PETRO SAPPER COMERCIO DE COMBUSTIVEIS ELUBRIFICANTES LTDA;	Luci - Petro Sapper;Concluído;Angela de Sousa Moreira;2025-12-02T13:52:25.071Z
PETRO SAPPER COMERCIO DE COMBUSTIVEIS ELUBRIFICANTES LTDA;	Luci - Petro Sapper;Concluído;Angela de Sousa Moreira;2025-12-12T11:24:38.598Z
;	Luciene (Frutas Pain);Concluído;Renato Almeida;2025-12-03T11:36:16.142Z
;	Luciene (Frutas Pain);Concluído;Renato Almeida;2025-12-03T11:45:19.709Z
;	Luciene (Frutas Pain);Concluído;Renato Almeida;2025-12-11T14:14:50.266Z
;	Luciene (Frutas Pain);Concluído;Fernando Tondelli;2025-12-22T16:19:59.091Z
;	Luciene (Frutas Pain);Concluído;JANAINA BOMFIM;2025-12-11T14:30:19.682Z
;	Lucimara GPG;Concluído;Rafael Lopes Cardoso;2025-12-17T18:22:07.572Z
;	Lucimara GPG;Concluído;Rafael Lopes Cardoso;2025-12-15T15:38:43.330Z
;	Lucimara GPG;Concluído;Rafael Lopes Cardoso;2025-12-17T17:30:34.271Z
;	Lucimara GPG;Concluído;Rafael Lopes Cardoso;2025-12-17T20:00:47.063Z
;	Luis LGL;Concluído;Angela de Sousa Moreira;2025-12-16T15:54:29.376Z
;	Luis LGL;Concluído;Angela de Sousa Moreira;2025-12-16T14:53:27.682Z
;	Luis LGL;Concluído;Angela de Sousa Moreira;2025-12-12T20:18:33.655Z
;	MARCUS JOGÊ;Concluído;Renato Almeida;2025-12-15T15:41:33.110Z
;	MARCUS JOGÊ;Concluído;Fernando Tondelli;2025-12-31T10:06:08.547Z
;	MARCUS JOGÊ;Concluído;Renato Almeida;2025-12-15T11:10:20.653Z
;	MARCUS JOGÊ;Concluído;Renato Almeida;2025-12-04T20:08:05.401Z
;	MARCUS JOGÊ;Concluído;Renato Almeida;2025-12-04T12:33:17.279Z
;	MARCUS JOGÊ;Concluído;Renato Almeida;2025-12-02T12:47:44.645Z
;	MARCUS JOGÊ;Concluído;Renato Almeida;2025-12-02T13:27:52.172Z
;	MARCUS JOGÊ;Concluído;Renato Almeida;2025-12-02T18:46:56.292Z
GNC PLACAS INDUSTRIA E COMERCIO LTDA;	Mari (Grupo GNC);Concluído;Rafael Lopes Cardoso;2025-12-16T13:46:27.414Z
MARIA DAS NEVES DE SOUSA LOPES;	Maria das neves;Concluído;Rafael Lopes Cardoso;2025-12-16T16:41:09.340Z
MENTES MILIONARIAS LTDA;	Mariana - Mentes Milionarias;Concluído;GABRIELA ROSA;2025-12-02T14:32:24.384Z
IBRASCAN - TECNOLOGIA DA INFORMACAO LTDA,IBRASCAN - TECNOLOGIA DA INFORMACAO LTDA;	Marina - IBRASCAN;Concluído;Fernando Tondelli;2025-12-23T09:07:26.963Z
IBRASCAN - TECNOLOGIA DA INFORMACAO LTDA,IBRASCAN - TECNOLOGIA DA INFORMACAO LTDA;	Marina - IBRASCAN;Concluído;Rafael Lopes Cardoso;2025-12-04T12:33:45.838Z
IBRASCAN - TECNOLOGIA DA INFORMACAO LTDA,IBRASCAN - TECNOLOGIA DA INFORMACAO LTDA;	Marina - IBRASCAN;Concluído;Brenda Souza;2025-12-17T18:48:33.856Z
BAKER FACTORY EVENTOS LTDA,BAKER EVENTOS LTDA,THE BAKER FACTORY PANIFICADORA E CONFEITARIA LTDA,MY BAKER SUPERFOODS PANIFICADORA LTDA;	Matheus MY BAKER;Concluído;Renato Almeida;2025-12-15T11:10:10.459Z
;	Modelação Stilus;Concluído;Renato Almeida;2025-12-10T12:56:50.159Z
;	Modelação Stilus;Concluído;Angela de Sousa Moreira;2025-12-05T17:27:40.201Z
;	Modelação Stilus;Concluído;Angela de Sousa Moreira;2025-12-10T20:03:24.248Z
;	Modelação Stilus;Concluído;Angela de Sousa Moreira;2025-12-02T20:14:21.323Z
;	Modelação Stilus;Concluído;Angela de Sousa Moreira;2025-12-03T14:21:02.638Z
;	Modelação Stilus;Concluído;Angela de Sousa Moreira;2025-12-04T11:22:34.535Z
;	Modelação Stilus;Concluído;Angela de Sousa Moreira;2025-12-15T11:46:55.508Z
;	Modelação Stilus;Concluído;Angela de Sousa Moreira;2025-12-15T20:02:25.138Z
CENTRAL DO M D F LTDA;	Morgana (Central do MDF);Concluído;Angela de Sousa Moreira;2025-12-10T19:51:36.611Z
CENTRAL DO M D F LTDA;	Morgana (Central do MDF);Concluído;Angela de Sousa Moreira;2025-12-02T17:09:21.193Z
CENTRAL DO M D F LTDA;	Morgana (Central do MDF);Concluído;GABRIELA ROSA;2025-12-10T16:49:19.067Z
CENTRAL DO M D F LTDA;	Morgana (Central do MDF);Concluído;GABRIELA ROSA;2025-12-02T15:25:55.621Z
CENTRAL DO M D F LTDA;	Morgana (Central do MDF);Concluído;GABRIELA ROSA;2025-12-02T15:04:14.205Z
CENTRAL DO M D F LTDA;	Morgana (Central do MDF);Concluído;JANAINA BOMFIM;2025-12-11T18:53:15.997Z
CENTRAL DO M D F LTDA;	Morgana (Central do MDF);Concluído;JANAINA BOMFIM;2025-12-11T21:12:24.542Z
CENTRAL DO M D F LTDA;	Morgana (Central do MDF);Concluído;GABRIELA ROSA;2025-12-04T17:42:39.814Z
CENTRAL DO M D F LTDA;	Morgana (Central do MDF);Concluído;GABRIELA ROSA;2025-12-02T20:00:52.007Z
CENTRAL DO M D F LTDA;	Morgana (Central do MDF);Concluído;GABRIELA ROSA;2025-12-02T14:31:35.490Z
CENTRAL DO M D F LTDA;	Morgana (Central do MDF);Concluído;GABRIELA ROSA;2025-12-02T17:30:39.837Z
CENTRAL DO M D F LTDA;	Morgana (Central do MDF);Concluído;GABRIELA ROSA;2025-12-02T15:50:25.056Z
;	Pam✨;Concluído;Angela de Sousa Moreira;2025-12-10T17:03:44.680Z
;	Pam✨;Concluído;Angela de Sousa Moreira;2025-12-19T12:07:54.448Z
;	Pam✨;Concluído;Angela de Sousa Moreira;2025-12-19T12:20:03.606Z
;	Pam✨;Concluído;Angela de Sousa Moreira;2025-12-10T14:32:38.177Z
OASIS PRODUTOS CERAMICOS LTDA;	Patricia - Oasis Bedore;Concluído;Renato Almeida;2025-12-03T11:36:39.431Z
OASIS PRODUTOS CERAMICOS LTDA;	Patricia - Oasis Bedore;Concluído;Renato Almeida;2025-12-15T17:42:07.430Z
OASIS PRODUTOS CERAMICOS LTDA;	Patricia - Oasis Bedore;Concluído;Renato Almeida;2025-12-19T15:08:39.949Z
OASIS PRODUTOS CERAMICOS LTDA;	Patricia - Oasis Bedore;Concluído;GABRIELA ROSA;2025-12-15T15:51:30.433Z
OASIS PRODUTOS CERAMICOS LTDA;	Patricia - Oasis Bedore;Concluído;Juan Santos;2025-12-19T21:13:15.696Z
;	Patrícia (Astro 34);Concluído;Angela de Sousa Moreira;2025-12-05T18:04:25.938Z
PAULO CEZAR CAETANO LTDA;	Paulo Cezar;Concluído;Rafael Lopes Cardoso;2025-12-15T14:05:11.814Z
AFC SERVICOS ADM LTDA,AF SERVICOS ADM LTDA,MAGALHAES COMERCIO E ACABAMENTOS LTDA,APORE GESSO LTDA;	Paulo S. Magalhães (Grupo Casa de Gesso);Concluído;Renato Almeida;2025-12-17T19:37:16.177Z
AFC SERVICOS ADM LTDA,AF SERVICOS ADM LTDA,MAGALHAES COMERCIO E ACABAMENTOS LTDA,APORE GESSO LTDA;	Paulo S. Magalhães (Grupo Casa de Gesso);Concluído;Renato Almeida;2025-12-05T14:37:22.248Z
GAOSERV SERVICOS GERAIS LTDA,GAOSEG SERVICOS DE SEGURANCA E VIGILANCIA LTDA,APOIO OPERACIONAL MONITORAMENTO PATRIMONIAL LTDA;	Poliana GAOSEG;Concluído;Angela de Sousa Moreira;2025-12-17T08:11:49.578Z
GAOSERV SERVICOS GERAIS LTDA,GAOSEG SERVICOS DE SEGURANCA E VIGILANCIA LTDA,APOIO OPERACIONAL MONITORAMENTO PATRIMONIAL LTDA;	Poliana GAOSEG;Concluído;Angela de Sousa Moreira;2025-12-15T21:24:24.306Z
GAOSERV SERVICOS GERAIS LTDA,GAOSEG SERVICOS DE SEGURANCA E VIGILANCIA LTDA,APOIO OPERACIONAL MONITORAMENTO PATRIMONIAL LTDA;	Poliana GAOSEG;Concluído;Angela de Sousa Moreira;2025-12-04T11:30:03.106Z
;	Pricila;Concluído;Angela de Sousa Moreira;2025-12-11T21:12:01.582Z
;	RODRIGO ADV;Concluído;Jessica Rodrigues;2025-12-03T20:59:45.629Z
;	RODRIGO ADV;Concluído;Anderson Silva;2025-12-18T14:53:17.431Z
;	RODRIGO ADV;Concluído;Angela de Sousa Moreira;2025-12-09T12:16:03.333Z
;	RODRIGO ADV;Concluído;Anderson Silva;2025-12-19T21:12:13.810Z
;	RODRIGO ADV;Concluído;Jessica Rodrigues;2025-12-01T21:08:13.936Z
;	RODRIGO ADV;Concluído;Jessica Rodrigues;2025-12-01T13:41:38.748Z
SAFETYMED ASSESSORIA MEDICA LTDA,SAFETYMED ASSESSORIA MEDICA LTDA,SAFETYMED ASSESSORIA MEDICA LTDA;	Rafael (SafetyMed);Concluído;Rafael Lopes Cardoso;2025-12-16T18:10:42.245Z
SAFETYMED ASSESSORIA MEDICA LTDA,SAFETYMED ASSESSORIA MEDICA LTDA,SAFETYMED ASSESSORIA MEDICA LTDA;	Rafael (SafetyMed);Concluído;Rafael Lopes Cardoso;2025-12-16T17:18:18.338Z
SAFETYMED ASSESSORIA MEDICA LTDA,SAFETYMED ASSESSORIA MEDICA LTDA,SAFETYMED ASSESSORIA MEDICA LTDA;	Rafael (SafetyMed);Concluído;Jessica Rodrigues;2025-12-11T19:07:58.811Z
SAFETYMED ASSESSORIA MEDICA LTDA,SAFETYMED ASSESSORIA MEDICA LTDA,SAFETYMED ASSESSORIA MEDICA LTDA;	Rafael (SafetyMed);Concluído;Rafael Lopes Cardoso;2025-12-16T16:54:52.192Z
;	Rafael Carvalho;Concluído;Renato Almeida;2025-12-04T20:08:14.422Z
;	Rafael Carvalho;Concluído;Brenda Souza;2025-12-18T14:53:25.360Z
;	Raniele (Studio Raniele);Concluído;JANAINA BOMFIM;2025-12-08T16:03:20.488Z
;	Raniele (Studio Raniele);Concluído;JANAINA BOMFIM;2025-12-11T18:43:41.488Z
;	Raniele (Studio Raniele);Concluído;Jessica Rodrigues;2025-12-19T21:10:39.527Z
DSA TECNOLOGIA LTDA,DSA GESTAO DE PROJETOS LTDA;	Raphael DSA (Grupo);Concluído;Anderson Silva;2025-12-04T14:10:50.222Z
DSA TECNOLOGIA LTDA,DSA GESTAO DE PROJETOS LTDA;	Raphael DSA (Grupo);Concluído;Anderson Silva;2025-12-19T21:10:29.196Z
DSA TECNOLOGIA LTDA,DSA GESTAO DE PROJETOS LTDA;	Raphael DSA (Grupo);Concluído;Angela de Sousa Moreira;2025-12-12T17:54:02.369Z
DSA TECNOLOGIA LTDA,DSA GESTAO DE PROJETOS LTDA;	Raphael DSA (Grupo);Concluído;Renato Almeida;2025-12-11T14:14:46.249Z
DSA TECNOLOGIA LTDA,DSA GESTAO DE PROJETOS LTDA;	Raphael DSA (Grupo);Concluído;Renato Almeida;2025-12-04T14:46:54.835Z
DSA TECNOLOGIA LTDA,DSA GESTAO DE PROJETOS LTDA;	Raphael DSA (Grupo);Concluído;Renato Almeida;2025-12-11T14:16:39.053Z
DSA TECNOLOGIA LTDA,DSA GESTAO DE PROJETOS LTDA;	Raphael DSA (Grupo);Concluído;Angela de Sousa Moreira;2025-12-08T16:07:52.136Z
ESTILO ASSESSORIA E CORRETORA DE SEGUROS LTDA;	Raquel Estilo Corretora;Concluído;Fernando Tondelli;2025-12-23T09:07:09.077Z
ESTILO ASSESSORIA E CORRETORA DE SEGUROS LTDA;	Raquel Estilo Corretora;Concluído;Pamella albuquerque;2025-12-03T18:05:58.859Z
ESTILO ASSESSORIA E CORRETORA DE SEGUROS LTDA;	Raquel Estilo Corretora;Concluído;GABRIELA ROSA;2025-12-02T14:32:37.961Z
ESTILO ASSESSORIA E CORRETORA DE SEGUROS LTDA;	Raquel Estilo Corretora;Concluído;Julia Christina Sousa da Silva;2025-12-02T18:21:54.784Z
MIRODI EMPREENDIMENTOS E PARTICIPACOES LTDA.,MIROXIS EMPREENDIMENTOS E PARTICIPACOES SA;	Rejane - Miroxis e Mirodi;Concluído;Anderson Silva;2025-12-17T20:58:41.952Z
MIRODI EMPREENDIMENTOS E PARTICIPACOES LTDA.,MIROXIS EMPREENDIMENTOS E PARTICIPACOES SA;	Rejane - Miroxis e Mirodi;Concluído;Anderson Silva;2025-12-17T17:28:28.414Z
MODELACAO STILUS LTDA;	Renata - STILUS;Concluído;Jessica Rodrigues;2025-12-11T19:08:20.699Z
SAFETYMED ASSESSORIA MEDICA LTDA,SAFETYMED ASSESSORIA MEDICA LTDA,SAFETYMED ASSESSORIA MEDICA LTDA;	Renata - Safetymed ;Concluído;Rafael Lopes Cardoso;2025-12-17T16:19:28.493Z
SAFETYMED ASSESSORIA MEDICA LTDA,SAFETYMED ASSESSORIA MEDICA LTDA,SAFETYMED ASSESSORIA MEDICA LTDA;	Renata - Safetymed ;Concluído;Rafael Lopes Cardoso;2025-12-11T18:35:15.247Z
SAFETYMED ASSESSORIA MEDICA LTDA,SAFETYMED ASSESSORIA MEDICA LTDA,SAFETYMED ASSESSORIA MEDICA LTDA;	Renata - Safetymed ;Concluído;Rafael Lopes Cardoso;2025-12-02T11:57:03.470Z
;	Rh Cross Clean;Desconsiderado;Pamella albuquerque;2025-12-09T15:06:43.817Z
;	Rh Cross Clean;Concluído;GABRIELA ROSA;2025-12-02T20:55:46.023Z
;	Rh Cross Clean;Concluído;Fernando Tondelli;2025-12-18T14:12:45.585Z
;	Rh Cross Clean;Concluído;Julia Christina Sousa da Silva;2025-12-16T13:46:58.378Z
;	Rh Cross Clean;Concluído;GABRIELA ROSA;2025-12-02T15:18:13.910Z
ASTRO 34 COMERCIO E SERVICOS LTDA,LILATUR VIAGENS EXCLUSIVAS LTDA,FASTCO SERVICOS EMPRESARIAIS LTDA,SPECTRAL VISION COMERCIO E LOCACAO DE MAQUINAS E EQUIPAMENTOS LTDA,SPECTRAL SOLUTIONS COMERCIO E SERVICOS LTDA,SPECTRAL SOLUTIONS COMERCIO E SERVICOS LTDA,SPECTRAL ADVANCED ENGENHARIA E TECNOLOGIA LTDA.,DMA ADMINISTRACAO DE BENS LTDA,FUTURO RH SERVICOS EMPRESARIAIS LTDA;	Ricardo (Astro 34);Concluído;Angela de Sousa Moreira;2025-12-07T14:16:01.047Z
ASTRO 34 COMERCIO E SERVICOS LTDA,LILATUR VIAGENS EXCLUSIVAS LTDA,FASTCO SERVICOS EMPRESARIAIS LTDA,SPECTRAL VISION COMERCIO E LOCACAO DE MAQUINAS E EQUIPAMENTOS LTDA,SPECTRAL SOLUTIONS COMERCIO E SERVICOS LTDA,SPECTRAL SOLUTIONS COMERCIO E SERVICOS LTDA,SPECTRAL ADVANCED ENGENHARIA E TECNOLOGIA LTDA.,DMA ADMINISTRACAO DE BENS LTDA,FUTURO RH SERVICOS EMPRESARIAIS LTDA;	Ricardo (Astro 34);Concluído;JANAINA BOMFIM;2025-12-18T14:06:39.965Z
ASTRO 34 COMERCIO E SERVICOS LTDA,LILATUR VIAGENS EXCLUSIVAS LTDA,FASTCO SERVICOS EMPRESARIAIS LTDA,SPECTRAL VISION COMERCIO E LOCACAO DE MAQUINAS E EQUIPAMENTOS LTDA,SPECTRAL SOLUTIONS COMERCIO E SERVICOS LTDA,SPECTRAL SOLUTIONS COMERCIO E SERVICOS LTDA,SPECTRAL ADVANCED ENGENHARIA E TECNOLOGIA LTDA.,DMA ADMINISTRACAO DE BENS LTDA,FUTURO RH SERVICOS EMPRESARIAIS LTDA;	Ricardo (Astro 34);Concluído;Angela de Sousa Moreira;2025-12-04T20:23:31.716Z
ASTRO 34 COMERCIO E SERVICOS LTDA,LILATUR VIAGENS EXCLUSIVAS LTDA,FASTCO SERVICOS EMPRESARIAIS LTDA,SPECTRAL VISION COMERCIO E LOCACAO DE MAQUINAS E EQUIPAMENTOS LTDA,SPECTRAL SOLUTIONS COMERCIO E SERVICOS LTDA,SPECTRAL SOLUTIONS COMERCIO E SERVICOS LTDA,SPECTRAL ADVANCED ENGENHARIA E TECNOLOGIA LTDA.,DMA ADMINISTRACAO DE BENS LTDA,FUTURO RH SERVICOS EMPRESARIAIS LTDA;	Ricardo (Astro 34);Concluído;Angela de Sousa Moreira;2025-12-04T19:06:44.395Z
ASTRO 34 COMERCIO E SERVICOS LTDA,LILATUR VIAGENS EXCLUSIVAS LTDA,FASTCO SERVICOS EMPRESARIAIS LTDA,SPECTRAL VISION COMERCIO E LOCACAO DE MAQUINAS E EQUIPAMENTOS LTDA,SPECTRAL SOLUTIONS COMERCIO E SERVICOS LTDA,SPECTRAL SOLUTIONS COMERCIO E SERVICOS LTDA,SPECTRAL ADVANCED ENGENHARIA E TECNOLOGIA LTDA.,DMA ADMINISTRACAO DE BENS LTDA,FUTURO RH SERVICOS EMPRESARIAIS LTDA;	Ricardo (Astro 34);Concluído;JANAINA BOMFIM;2025-12-10T19:43:39.771Z
ASTRO 34 COMERCIO E SERVICOS LTDA,LILATUR VIAGENS EXCLUSIVAS LTDA,FASTCO SERVICOS EMPRESARIAIS LTDA,SPECTRAL VISION COMERCIO E LOCACAO DE MAQUINAS E EQUIPAMENTOS LTDA,SPECTRAL SOLUTIONS COMERCIO E SERVICOS LTDA,SPECTRAL SOLUTIONS COMERCIO E SERVICOS LTDA,SPECTRAL ADVANCED ENGENHARIA E TECNOLOGIA LTDA.,DMA ADMINISTRACAO DE BENS LTDA,FUTURO RH SERVICOS EMPRESARIAIS LTDA;	Ricardo (Astro 34);Concluído;JANAINA BOMFIM;2025-12-05T11:54:46.233Z
CONEXAO VIAGEM COMUNICACAO LTDA;	Rodrigo CONEXÃO VIAGEM;Concluído;JANAINA BOMFIM;2025-12-19T12:31:33.572Z
ROSELA STORE COMERCIO LTDA;	Rogerio (Rosela Fernandes);Concluído;Rafael Lopes Cardoso;2025-12-19T18:11:42.049Z
ROSELA STORE COMERCIO LTDA;	Rogerio (Rosela Fernandes);Concluído;Julia Christina Sousa da Silva;2025-12-17T14:57:23.951Z
ROSELA STORE COMERCIO LTDA;	Rogerio (Rosela Fernandes);Concluído;Rafael Lopes Cardoso;2025-12-19T18:04:22.327Z
ROSELA STORE COMERCIO LTDA;	Rogerio (Rosela Fernandes);Concluído;Julia Christina Sousa da Silva;2025-12-03T18:04:48.656Z
ROSELA STORE COMERCIO LTDA;	Rogerio (Rosela Fernandes);Concluído;Rafael Lopes Cardoso;2025-12-19T20:01:05.084Z
ROSELA STORE COMERCIO LTDA;	Rogerio (Rosela Fernandes);Concluído;Fernando Tondelli;2025-12-23T09:07:00.192Z
ROSELA STORE COMERCIO LTDA;	Rogerio (Rosela Fernandes);Concluído;Angela de Sousa Moreira;2025-12-19T12:07:59.002Z
ROSELA STORE COMERCIO LTDA;	Rogerio (Rosela Fernandes);Concluído;Julia Christina Sousa da Silva;2025-12-02T20:13:13.095Z
ROSELA STORE COMERCIO LTDA;	Rogerio (Rosela Fernandes);Concluído;Fernando Tondelli;2025-12-22T16:20:13.954Z
A.S.O.S. TELHAS LTDA;	Rogerio - ASOS TELHAS;Concluído;Brenda Souza;2025-12-19T21:13:08.665Z
A.S.O.S. TELHAS LTDA;	Rogerio - ASOS TELHAS;Concluído;Angela de Sousa Moreira;2025-12-11T20:27:47.864Z
CORELMAQ SOLUCOES INDUSTRIAIS LTDA;	Roni (Corelmaq);Concluído;Renato Almeida;2025-12-10T12:57:14.156Z
;	Samir (Xalé Grill);Concluído;Renato Almeida;2025-12-17T10:54:32.316Z
GAOSERV SERVICOS GERAIS LTDA,GAOSEG SERVICOS DE SEGURANCA E VIGILANCIA LTDA,APOIO OPERACIONAL MONITORAMENTO PATRIMONIAL LTDA;	Sandra Gaoseg;Concluído;Angela de Sousa Moreira;2025-12-02T19:42:44.665Z
GAOSERV SERVICOS GERAIS LTDA,GAOSEG SERVICOS DE SEGURANCA E VIGILANCIA LTDA,APOIO OPERACIONAL MONITORAMENTO PATRIMONIAL LTDA;	Sandra Gaoseg;Concluído;Angela de Sousa Moreira;2025-12-12T19:49:31.262Z
GAOSERV SERVICOS GERAIS LTDA,GAOSEG SERVICOS DE SEGURANCA E VIGILANCIA LTDA,APOIO OPERACIONAL MONITORAMENTO PATRIMONIAL LTDA;	Sandra Gaoseg;Concluído;Angela de Sousa Moreira;2025-12-11T21:11:49.197Z
GAOSERV SERVICOS GERAIS LTDA,GAOSEG SERVICOS DE SEGURANCA E VIGILANCIA LTDA,APOIO OPERACIONAL MONITORAMENTO PATRIMONIAL LTDA;	Sandra Gaoseg;Concluído;Angela de Sousa Moreira;2025-12-04T11:29:56.907Z
GAOSERV SERVICOS GERAIS LTDA,GAOSEG SERVICOS DE SEGURANCA E VIGILANCIA LTDA,APOIO OPERACIONAL MONITORAMENTO PATRIMONIAL LTDA;	Sandra Gaoseg;Concluído;Angela de Sousa Moreira;2025-12-03T16:49:27.888Z
GAOSERV SERVICOS GERAIS LTDA,GAOSEG SERVICOS DE SEGURANCA E VIGILANCIA LTDA,APOIO OPERACIONAL MONITORAMENTO PATRIMONIAL LTDA;	Sandra Gaoseg;Concluído;Angela de Sousa Moreira;2025-12-01T20:25:34.127Z
;	Silver Weibull do Brasil;Concluído;Fernando Tondelli;2025-12-23T09:07:18.407Z
;	Silver Weibull do Brasil;Concluído;Rafael Lopes Cardoso;2025-12-19T13:30:15.309Z
;	Silver Weibull do Brasil;Concluído;Rafael Lopes Cardoso;2025-12-17T16:19:36.918Z
;	Silver Weibull do Brasil;Concluído;Rafael Lopes Cardoso;2025-12-15T18:38:17.857Z
;	Silver Weibull do Brasil;Concluído;Jessica Rodrigues;2025-12-12T17:53:56.336Z
;	Simone (Cartório);Concluído;Renato Almeida;2025-12-19T18:43:53.184Z
;	Simone (Cartório);Concluído;Renato Almeida;2025-12-19T18:20:35.585Z
;	Simone (Cartório);Concluído;Rafael Lopes Cardoso;2025-12-19T19:19:45.358Z
MANUNS RESTAURANTE LTDA;	Soraya Saab;Concluído;JANAINA BOMFIM;2025-12-12T17:07:14.951Z
MANUNS RESTAURANTE LTDA;	Soraya Saab;Concluído;Angela de Sousa Moreira;2025-12-12T17:33:21.406Z
MANUNS RESTAURANTE LTDA;	Soraya Saab;Concluído;Fernando Tondelli;2025-12-31T10:05:57.488Z
MANUNS RESTAURANTE LTDA;	Soraya Saab;Concluído;Angela de Sousa Moreira;2025-12-02T17:27:58.508Z
MANUNS RESTAURANTE LTDA;	Soraya Saab;Concluído;Angela de Sousa Moreira;2025-12-02T16:24:10.814Z
MANUNS RESTAURANTE LTDA;	Soraya Saab;Concluído;JANAINA BOMFIM;2025-12-12T14:02:10.922Z
;	SorvFood’s RH;Concluído;GABRIELA ROSA;2025-12-05T17:45:06.681Z
;	SorvFood’s RH;Concluído;GABRIELA ROSA;2025-12-04T16:03:50.468Z
;	SorvFood’s RH;Concluído;GABRIELA ROSA;2025-12-03T20:58:15.730Z
;	SorvFood’s RH;Concluído;GABRIELA ROSA;2025-12-02T14:30:57.054Z
VALENS COMERCIO LTDA;	Suellen (Valens);Concluído;Rafael Lopes Cardoso;2025-12-10T00:24:40.916Z
;	Talita (GPG Construtora);Concluído;Rafael Lopes Cardoso;2025-12-02T11:57:21.750Z
;	Talita (GPG Construtora);Concluído;Rafael Lopes Cardoso;2025-12-19T20:24:43.411Z
;	Talita (GPG Construtora);Concluído;Rafael Lopes Cardoso;2025-12-17T14:58:08.968Z
;	Talita (GPG Construtora);Concluído;Rafael Lopes Cardoso;2025-12-08T13:19:50.066Z
;	Talita (GPG Construtora);Concluído;Rafael Lopes Cardoso;2025-12-08T12:57:53.721Z
;	Talita - ART MUSEU FERRAGENS;Concluído;Renato Almeida;2025-12-19T17:59:43.901Z
;	Talita - ART MUSEU FERRAGENS;Concluído;Renato Almeida;2025-12-17T10:54:41.034Z
;	Talita - ART MUSEU FERRAGENS;Concluído;Renato Almeida;2025-12-19T18:20:51.962Z
;	Talita - ART MUSEU FERRAGENS;Concluído;Renato Almeida;2025-12-17T13:09:29.279Z
;	Talita - ART MUSEU FERRAGENS;Concluído;Renato Almeida;2025-12-11T14:07:25.522Z
;	Talita - ART MUSEU FERRAGENS;Concluído;Renato Almeida;2025-12-11T14:01:47.338Z
;	Talita - ART MUSEU FERRAGENS;Concluído;Renato Almeida;2025-12-02T19:24:58.961Z
IBRASIL SOLUCOES EM COMUNICACAO VISUAL LTDA,TAMANY COMUNICACAO VISUAL E INTERIORES LTDA;	Tamany Ibrasil;Concluído;Fernando Tondelli;2025-12-31T10:06:22.825Z
IBRASIL SOLUCOES EM COMUNICACAO VISUAL LTDA,TAMANY COMUNICACAO VISUAL E INTERIORES LTDA;	Tamany Ibrasil;Concluído;Angela de Sousa Moreira;2025-12-04T13:01:32.835Z
IBRASIL SOLUCOES EM COMUNICACAO VISUAL LTDA,TAMANY COMUNICACAO VISUAL E INTERIORES LTDA;	Tamany Ibrasil;Concluído;Angela de Sousa Moreira;2025-12-09T14:41:36.632Z
IBRASIL SOLUCOES EM COMUNICACAO VISUAL LTDA,TAMANY COMUNICACAO VISUAL E INTERIORES LTDA;	Tamany Ibrasil;Concluído;Angela de Sousa Moreira;2025-12-09T17:21:27.390Z
IBRASIL SOLUCOES EM COMUNICACAO VISUAL LTDA,TAMANY COMUNICACAO VISUAL E INTERIORES LTDA;	Tamany Ibrasil;Concluído;Angela de Sousa Moreira;2025-12-17T08:11:45.061Z
IBRASIL SOLUCOES EM COMUNICACAO VISUAL LTDA,TAMANY COMUNICACAO VISUAL E INTERIORES LTDA;	Tamany Ibrasil;Concluído;Angela de Sousa Moreira;2025-12-18T11:45:14.257Z
IBRASIL SOLUCOES EM COMUNICACAO VISUAL LTDA,TAMANY COMUNICACAO VISUAL E INTERIORES LTDA;	Tamany Ibrasil;Concluído;GABRIELA ROSA;2025-12-02T13:24:25.032Z
NITRO4 ENTRETENIMENTO LTDA,LIONS IN TRAINING LTDA,EBG COMPANY LTDA,GUEDES ASSESSORIA EMPRESARIAL LTDA,HOLDING GREAT SUCCESS PARTICIPACOES LTDA,MAGNUS CARLSEN LTDA,TEDY GROUP LTDA,VIP TRAINING CONSULTORIA E PARTICIPACOES LTDA;	Tatiana - Grupo Evandro;Concluído;Rafael Lopes Cardoso;2025-12-11T17:13:56.477Z
NITRO4 ENTRETENIMENTO LTDA,LIONS IN TRAINING LTDA,EBG COMPANY LTDA,GUEDES ASSESSORIA EMPRESARIAL LTDA,HOLDING GREAT SUCCESS PARTICIPACOES LTDA,MAGNUS CARLSEN LTDA,TEDY GROUP LTDA,VIP TRAINING CONSULTORIA E PARTICIPACOES LTDA;	Tatiana - Grupo Evandro;Concluído;Jessica Rodrigues;2025-12-10T14:10:08.895Z
TAXBASE SERVICOS CONTABEIS LTDA;	Teste Portal do Cliente;Concluído;JANAINA BOMFIM;2025-12-03T11:36:54.950Z
TAXBASE SERVICOS CONTABEIS LTDA;	Teste Portal do Cliente;Concluído;Fernando Tondelli;2025-12-18T15:10:53.613Z
TAXBASE SERVICOS CONTABEIS LTDA;	Teste Portal do Cliente;Desconsiderado;Fernando Tondelli;2025-12-19T21:15:16.841Z
;	Thais (Techposto);Concluído;Juan Santos;2025-12-02T14:47:37.642Z
;	Thais (Techposto);Concluído;Renato Almeida;2025-12-15T11:10:15.203Z
;	Thais (Techposto);Concluído;Fernando Tondelli;2025-12-22T17:10:44.131Z
J S BENVENUTI & CIA LTDA;	Thalia - J S Benvenuti;Concluído;GABRIELA ROSA;2025-12-02T12:51:52.691Z
J S BENVENUTI & CIA LTDA;	Thalia - J S Benvenuti;Concluído;GABRIELA ROSA;2025-12-04T20:10:24.950Z
J S BENVENUTI & CIA LTDA;	Thalia - J S Benvenuti;Concluído;GABRIELA ROSA;2025-12-02T14:31:30.663Z
J S BENVENUTI & CIA LTDA;	Thalia - J S Benvenuti;Concluído;Rafael Lopes Cardoso;2025-12-02T12:38:28.471Z
J S BENVENUTI & CIA LTDA;	Thalia - J S Benvenuti;Concluído;Julia Christina Sousa da Silva;2025-12-11T18:37:08.821Z
SGG TRADING SERVICE LTDA;	Tom (SGG);Concluído;Rafael Lopes Cardoso;2025-12-09T16:20:48.543Z
SGG TRADING SERVICE LTDA;	Tom (SGG);Concluído;Rafael Lopes Cardoso;2025-12-12T13:06:20.094Z
;	Tuta Aquino;Concluído;Angela de Sousa Moreira;2025-12-12T20:18:30.914Z
INFINITE MOVEIS COMERCIAIS LTDA;	VIVIANE - INFINITE IMOVEIS;Concluído;Renato Almeida;2025-12-05T13:12:59.442Z
INFINITE MOVEIS COMERCIAIS LTDA;	VIVIANE - INFINITE IMOVEIS;Concluído;Renato Almeida;2025-12-05T17:55:20.951Z
INFINITE MOVEIS COMERCIAIS LTDA;	VIVIANE - INFINITE IMOVEIS;Concluído;Fernando Tondelli;2025-12-23T09:06:51.784Z
INFINITE MOVEIS COMERCIAIS LTDA;	VIVIANE - INFINITE IMOVEIS;Concluído;Fernando Tondelli;2025-12-19T21:13:31.892Z
INFINITE MOVEIS COMERCIAIS LTDA;	VIVIANE - INFINITE IMOVEIS;Concluído;Fernando Tondelli;2025-12-18T14:13:36.328Z
INFINITE MOVEIS COMERCIAIS LTDA;	VIVIANE - INFINITE IMOVEIS;Concluído;GABRIELA ROSA;2025-12-05T17:45:01.298Z
INFINITE MOVEIS COMERCIAIS LTDA;	VIVIANE - INFINITE IMOVEIS;Concluído;GABRIELA ROSA;2025-12-17T18:35:53.266Z
INFINITE MOVEIS COMERCIAIS LTDA;	VIVIANE - INFINITE IMOVEIS;Concluído;Julia Christina Sousa da Silva;2025-12-04T20:39:34.711Z
INFINITE MOVEIS COMERCIAIS LTDA;	VIVIANE - INFINITE IMOVEIS;Concluído;GABRIELA ROSA;2025-12-02T14:31:24.248Z
BAKER FACTORY EVENTOS LTDA,BAKER EVENTOS LTDA,THE BAKER FACTORY PANIFICADORA E CONFEITARIA LTDA,MY BAKER SUPERFOODS PANIFICADORA LTDA;	Valéria (My Baker);Concluído;Jessica Rodrigues;2025-12-09T12:25:39.109Z
;	Vanessa BC;Concluído;Angela de Sousa Moreira;2025-12-02T14:02:45.379Z
;	Vanessa BC;Concluído;Angela de Sousa Moreira;2025-12-02T13:53:58.797Z
;	Vanessa COMEX;Concluído;JANAINA BOMFIM;2025-12-18T14:06:55.808Z
;	Vanessa COMEX;Concluído;Fernando Tondelli;2025-12-26T20:05:29.877Z
;	Veronice (Crossclean);Concluído;Rafael Lopes Cardoso;2025-12-02T11:57:10.585Z
;	Veronice (Crossclean);Concluído;GABRIELA ROSA;2025-12-02T15:03:13.332Z
;	Veronice (Crossclean);Concluído;Rafael Lopes Cardoso;2025-12-09T16:20:51.675Z
;	Veronice (Crossclean);Concluído;Rafael Lopes Cardoso;2025-12-09T19:13:37.020Z
;	Veronice (Crossclean);Concluído;Rafael Lopes Cardoso;2025-12-11T18:35:05.954Z
;	Veronice (Crossclean);Concluído;Rafael Lopes Cardoso;2025-12-15T15:33:16.362Z
;	Veronice (Crossclean);Concluído;Rafael Lopes Cardoso;2025-12-15T19:43:37.576Z
;	Veronice (Crossclean);Concluído;Rafael Lopes Cardoso;2025-12-19T16:36:09.052Z
;	Veronice (Crossclean);Concluído;Pamella albuquerque;2025-12-02T15:06:44.233Z
;	Veronice (Crossclean);Concluído;Julia Christina Sousa da Silva;2025-12-03T18:35:00.149Z
D N BENVENUTI & CIA LTDA,C S BENVENUTI SERVICOS MEDICOS LTDA;	Victor - D N BENVENUTI;Concluído;Julia Christina Sousa da Silva;2025-12-18T14:13:06.495Z
D N BENVENUTI & CIA LTDA,C S BENVENUTI SERVICOS MEDICOS LTDA;	Victor - D N BENVENUTI;Concluído;GABRIELA ROSA;2025-12-09T16:38:40.248Z
D N BENVENUTI & CIA LTDA,C S BENVENUTI SERVICOS MEDICOS LTDA;	Victor - D N BENVENUTI;Concluído;Fernando Tondelli;2025-12-22T16:20:02.968Z
D N BENVENUTI & CIA LTDA,C S BENVENUTI SERVICOS MEDICOS LTDA;	Victor - D N BENVENUTI;Concluído;GABRIELA ROSA;2025-12-02T15:07:21.124Z
D N BENVENUTI & CIA LTDA,C S BENVENUTI SERVICOS MEDICOS LTDA;	Victor - D N BENVENUTI;Concluído;GABRIELA ROSA;2025-12-02T14:31:49.400Z
D N BENVENUTI & CIA LTDA,C S BENVENUTI SERVICOS MEDICOS LTDA;	Victor - D N BENVENUTI;Concluído;GABRIELA ROSA;2025-12-04T12:28:16.659Z
D N BENVENUTI & CIA LTDA,C S BENVENUTI SERVICOS MEDICOS LTDA;	Victor - D N BENVENUTI;Concluído;Angela de Sousa Moreira;2025-12-02T17:09:41.139Z
D N BENVENUTI & CIA LTDA,C S BENVENUTI SERVICOS MEDICOS LTDA;	Victor - D N BENVENUTI;Concluído;Julia Christina Sousa da Silva;2025-12-08T17:25:10.703Z
GAOSERV SERVICOS GERAIS LTDA,GAOSEG SERVICOS DE SEGURANCA E VIGILANCIA LTDA,APOIO OPERACIONAL MONITORAMENTO PATRIMONIAL LTDA;	Vitoria Benedito💖;Concluído;Angela de Sousa Moreira;2025-12-03T19:08:45.740Z
GAOSERV SERVICOS GERAIS LTDA,GAOSEG SERVICOS DE SEGURANCA E VIGILANCIA LTDA,APOIO OPERACIONAL MONITORAMENTO PATRIMONIAL LTDA;	Vitoria Benedito💖;Concluído;Angela de Sousa Moreira;2025-12-15T20:02:04.206Z
;	Wellington - STILUS;Concluído;Angela de Sousa Moreira;2025-12-11T17:02:47.251Z
;	Wellington - STILUS;Concluído;Jessica Rodrigues;2025-12-11T14:14:01.880Z
;	Wellington - STILUS;Concluído;Brenda Souza;2025-12-11T19:23:46.463Z
COMERCIO DE FRUTAS ONOFRE LTDA,COMERCIO DE FRUTAS ONOFRUTI LTDA;	Wesley - Onofruti;Concluído;Jessica Rodrigues;2025-12-11T15:02:02.688Z
COMERCIO DE FRUTAS ONOFRE LTDA,COMERCIO DE FRUTAS ONOFRUTI LTDA;	Wesley - Onofruti;Concluído;Angela de Sousa Moreira;2025-12-10T17:03:31.902Z
COMERCIO DE FRUTAS ONOFRE LTDA,COMERCIO DE FRUTAS ONOFRUTI LTDA;	Wesley - Onofruti;Concluído;Angela de Sousa Moreira;2025-12-10T16:25:12.725Z
FRUTAS PAIN LTDA,COMERCIAL AGRICOLA PAIN LTDA;	Yuri Pain;Concluído;Renato Almeida;2025-12-04T12:32:34.334Z
FRUTAS PAIN LTDA,COMERCIAL AGRICOLA PAIN LTDA;	Yuri Pain;Concluído;Renato Almeida;2025-12-03T11:36:29.251Z
FRUTAS PAIN LTDA,COMERCIAL AGRICOLA PAIN LTDA;	Yuri Pain;Concluído;Jessica Rodrigues;2025-12-03T20:04:41.196Z
;	csouzavb;Concluído;Angela de Sousa Moreira;2025-12-10T17:14:25.256Z